"index","player_id","first_name","last_name"
0,2021661124," Sam","Berry"
1,2012662083," Luke","Brown"
2,2020665315," Jordon","Butts"
3,2018689604," Tom","Doedee"
4,2018703883," Billy","Frampton"
5,2020728148," Will","Hamill"
6,2019722465," Mitch","Hinge"
7,2016755444," Ben","Keays"
8,2015754078," Jake","Kelly"
9,2013762245," Rory","Laird"
10,2010763943," Tom","Lynch"
11,2020773834," Shane","McAdam"
12,2020777569," Ned","McHenry"
13,2020772453," Andrew","McPherson"
14,2018774782," Lachlan","Murphy"
15,2016798113," Reilly","OBrien"
16,2021823478," James","Rowe"
17,2020839071," Harry","Schoenberg"
18,2012834096," Paul","Seedsman"
19,2020838794," Lachlan","Sholl"
20,2009835778," Rory","Sloane"
21,2011832909," Brodie","Smith"
22,2009877055," Taylor","Walker"
23,2019748529," Chayce","Jones"
24,2008774238," David","Mackay"
25,2021778762," Nick","Murray"
26,2018704381," Darcy","Fogarty"
27,2019721038," Jackson","Hately"
28,2018722651," Elliott","Himmelberg"
29,2021845288," Riley","Thilthorpe"
30,2021793759," Ronin","OConnor"
31,2021873869," Josh","Worrell"
32,2021804782," Luke","Pedlar"
33,2019683521," Ben","Davis"
34,2021678665," Brayden","Cook"
35,2020831323," Kieran","Strachan"
36,2021712671," Lachlan","Gollant"
37,2016654616," Callum","Ah Chee"
38,2015656514," Harris","Andrews"
39,2018665491," Zac","Bailey"
40,2017669695," Jarrod","Berry"
41,2006668040," Grant","Birchall"
42,2014678070," Charlie","Cameron"
43,2020674302," Keidean","Coleman"
44,2013689718," Joe","Daniher"
45,2020704278," Tom","Fullarton"
46,2016727589," Eric","Hipwood"
47,2011768267," Ryan","Lester"
48,2012767797," Jarryd","Lyons"
49,2016773696," Rhys","Mathieson"
50,2012775679," Lincoln","McCarthy"
51,2017777675," Hugh","McCluggage"
52,2018777090," Oscar","McInerney"
53,2012786162," Lachie","Neale"
54,2020806330," Jack","Payne"
55,2009828438," Daniel","Rich"
56,2009829652," Mitch","Robinson"
57,2021838158," Harry","Sharp"
58,2018836883," Brandon","Starcevich"
59,2012905229," Dayne","Zorko"
60,2020669775," Tom","Berry"
61,2021804686," Jaxon","Prior"
62,2016652575," Marcus","Adams"
63,2020661851," Connor","Ballenden"
64,2020822855," Deven","Robertson"
65,2014713583," Darcy","Gardiner"
66,2014774590," Daniel","McStay"
67,2021778288," James","Madden"
68,2015671937," Nakia","Cockatoo"
69,2012674522," Levi","Casboult"
70,2014676336," Patrick","Cripps"
71,2011679390," Ed","Curnow"
72,2013689598," Sam","Docherty"
73,2018682738," Paddy","Dow"
74,2017703824," Zac","Fisher"
75,2018707413," Lachie","Fogarty"
76,2019713093," Michael","Gibbons"
77,2010741553," Liam","Jones"
78,2015775369," Oscar","McDonald"
79,2017779237," Harry","McKay"
80,2006779329," Marc","Murphy"
81,2012787112," Jack","Newnes"
82,2018794004," Lochie","OBrien"
83,2017803423," Sam","Petrevski-Seton"
84,2016801287," Marc","Pittonet"
85,2013803908," Lachie","Plowman"
86,2015839510," Adam","Saad"
87,2017832504," Will","Setterfield"
88,2016833015," Jack","Silvagni"
89,2019878858," Sam","Walsh"
90,2016871370," Jacob","Weitering"
91,2017878987," Tom","Williamson"
92,2014777536," Jack","Martin"
93,2013879070," Zac","Williams"
94,2005667052," Eddie","Betts"
95,2020672697," Matthew","Cottrell"
96,2021803509," Luke","Parks"
97,2016756448," Matthew","Kennedy"
98,2016777178," Mitch","McGovern"
99,2016678303," David","Cuningham"
100,2019833354," Liam","Stocker"
101,2020794973," Matthew","Owies"
102,2017786748," Nic","Newman"
103,2018682020," Tom","De Koning"
104,2020723773," Josh","Honey"
105,2016676081," Charlie","Curnow"
106,2021688595," Corey","Durdin"
107,2021756692," Brodie","Kemp"
108,2012656391," Taylor","Adams"
109,2017661572," Callum","Brown"
110,2020663480," Tyler","Brown"
111,2016678001," Mason","Cox"
112,2012675021," Jack","Crisp"
113,2017688313," Josh","Daicos"
114,2012693235," Jamie","Elliott"
115,2013718586," Brodie","Grundy"
116,2021729247," Oliver","Henry"
117,2012724284," Will","Hoskin-Elliott"
118,2011725789," Jeremy","Howe"
119,2018779988," Jack","Madgen"
120,2015777207," Brayden","Maynard"
121,2018778422," Brody","Mihocek"
122,2015778467," Darcy","Moore"
123,2019789839," John","Noble"
124,2006801835," Scott","Pendlebury"
125,2019813547," Isaac","Quaynor"
126,2010821389," Jordan","Roughead"
127,2020829408," Trey","Ruscoe"
128,2018833083," Brayden","Sier"
129,2013847724," Josh","Thomas"
130,20151001643," Jordan","de Goey"
131,2009833817," Steele","Sidebottom"
132,2008777521," Chris","Mayne"
133,2021778355," Beau","McCreery"
134,2009711665," Levi","Greenwood"
135,2018675233," Darcy","Cameron"
136,2020753798," Mark","Keane"
137,2021775741," Finlay","Macrae"
138,2020753223," Will","Kelly"
139,2018776267," Nathan","Murphy"
140,2021824683," Jay","Rantall"
141,2021805676," Caleb","Poulter"
142,2021878393," Tom","Wilson"
143,2021663611," Trent","Bianco"
144,2020769362," Max","Lynch"
145,2021716435," Jack","Ginnivan"
146,2021849623," Anton","Tohill"
147,2020677029," Ned","Cahill"
148,2019677166," Jye","Caldwell"
149,2021674111," Nik","Cox"
150,2014673527," Tom","Cutler"
151,2020686068," Sam","Draper"
152,2016701470," Aaron","Francis"
153,2019727673," Brayden","Ham"
154,2011723674," Dyson","Heppell"
155,2019726583," Nick","Hind"
156,2008723099," Cale","Hooker"
157,2021741376," Harry","Jones"
158,2015769089," Kyle","Langford"
159,2015764273," Jayden","Laverde"
160,2016777834," Anthony","McDonald-Tipungwuti"
161,2017775567," Andrew","McGrath"
162,2014779731," Zach","Merrett"
163,2016804522," Darcy","Parish"
164,2016827438," Mason","Redman"
165,2018826450," Jordan","Ridley"
166,2012834776," Dylan","Shiel"
167,2012833121," Devon","Smith"
168,2016835941," Will","Snelling"
169,2015873891," Peter","Wright"
170,2014717758," Martin","Gleeson"
171,2018714830," Matt","Guelfi"
172,2021809035," Archie","Perkins"
173,2013833968," Jake","Stringer"
174,2021873920," Alec","Waterman"
175,2019904747," Brandon","Zerk-Thatcher"
176,2009901367," David","Zaharakis"
177,2021825839," Zach","Reid"
178,2012806200," Andrew","Phillips"
179,2021669724," Nick","Bryan"
180,2013833750," James","Stewart"
181,2014655392," Patrick","Ambrose"
182,2021684001," Sam","Durham"
183,2018673109," Dylan","Clarke"
184,2014651814," Blake","Acres"
185,2014659159," James","Aish"
186,2015665690," Connor","Blakely"
187,2018669647," Andrew","Brayshaw"
188,2018676857," Adam","Cerra"
189,2010674136," Travis","Colyer"
190,2011678952," Reece","Conca"
191,2017679746," Brennan","Cox"
192,2010704250," Nat","Fyfe"
193,2018711847," Stefan","Giro"
194,2015725767," Joel","Hamling"
195,2020729143," Liam","Henry"
196,2015723338," Ethan","Hughes"
197,2021775615," Lloyd","Meek"
198,2005777934," David","Mundy"
199,2015804220," Alex","Pearce"
200,2017821854," Luke","Ryan"
201,2019836646," Lachie","Schultz"
202,2020833845," Caleb","Serong"
203,2018835969," Sam","Switkowski"
204,2013841110," Matthew","Taberner"
205,2020879167," Tobe","Watson"
206,2020891340," Hayden","Young"
207,2021673890," Heath","Chapman"
208,2017681648," Sean","Darcy"
209,2020708891," Michael","Frederick"
210,2012871731," Nathan","Wilson"
211,2009873507," Michael","Walters"
212,2020834823," Sam","Sturt"
213,2021849113," Josh","Treacy"
214,2018676565," Mitch","Crowden"
215,2014767105," Rory","Lobb"
216,2017763635," Griffin","Logue"
217,2018682359," Taylin","Duman"
218,2016849998," Darcy","Tucker"
219,2019662031," Brett","Bewley"
220,2021872846," Brandon","Walker"
221,2021879057," Joel","Western"
222,2018667843," Bailey","Banfield"
223,2020653600," Noah","Anderson"
224,2018666487," Charlie","Ballard"
225,2017663348," Jack","Bowes"
226,2017664185," Will","Brodie"
227,2020666381," Connor","Budarick"
228,2016673744," Sam","Collins"
229,2011685784," Sam","Day"
230,2012694309," Brandon","Ellis"
231,2017716174," Hugh","Greenwood"
232,2014721524," Nick","Holman"
233,2019755490," Ben","King"
234,2014766983," Sean","Lemmens"
235,2019762758," Jack","Lukosius"
236,2016775553," Darcy","Macpherson"
237,2016772457," Oleg","Markov"
238,2015778053," Touk","Miller"
239,2018804468," Wil","Powell"
240,2020825672," Izak","Rankine"
241,2020827213," Matt","Rowell"
242,2012836288," Alex","Sexton"
243,2011834993," David","Swallow"
244,2015876388," Lachie","Weller"
245,2013871743," Jarrod","Witts"
246,2017651121," Ben","Ainsworth"
247,2019661033," Chris","Burgess"
248,2007728751," Jarrod","Harbrow"
249,2020702940," Sam","Flanders"
250,2019718127," Caleb","Graham"
251,2019672117," Josh","Corbett"
252,2020702883," Jy","Farrar"
253,2015652891," Rory","Atkins"
254,2021829998," Malcolm","Rosas"
255,2011839963," Zac","Smith"
256,2016702492," Brayden","Fiorini"
257,2020833450," Jeremy","Sharp"
258,2021743503," Joel","Jeffrey"
259,2012849499," Jacob","Townsend"
260,2021689563," Alex","Davies"
261,2019659412," Tom","Atkins"
262,2014668825," Jed","Bews"
263,2013661585," Mark","Blicavs"
264,2019674146," Jordan","Clark"
265,2019679706," Charlie","Constable"
266,2011684234," Luke","Dahlhaus"
267,2008681760," Patrick","Dangerfield"
268,2011716859," Cameron","Guthrie"
269,2017711451," Zach","Guthrie"
270,2007724084," Tom","Hawkins"
271,2008721800," Lachie","Henderson"
272,2006722851," Shaun","Higgins"
273,2012743763," Josh","Jenkins"
274,2015755425," Jake","Kolodjashnij"
275,2016776590," Sam","Menegola"
276,2019776865," Gryan","Miers"
277,2017798614," Mark","OConnor"
278,2017807670," Brandan","Parfitt"
279,2010827761," Gary","Rohan"
280,2007835833," Joel","Selwood"
281,2011833883," Isaac","Smith"
282,2010834704," Rhys","Stanley"
283,2017836998," Tom","Stewart"
284,2021698799," Francis","Evans"
285,2018726120," Jack","Henry"
286,2011849258," Zach","Tuohy"
287,2010681330," Mitch","Duncan"
288,2021723612," Max","Holmes"
289,2020672557," Brad","Close"
290,2018788777," Quinton","Narkle"
291,2021689846," Sam","De Koning"
292,2012671758," Jeremy","Cameron"
293,2018829920," Esava","Ratugolea"
294,2017831987," Sam","Simpson"
295,2021754613," Nathan","Kreuger"
296,2020651147," Lachie","Ash"
297,2021661243," Tanner","Bruhn"
298,2020666559," Jack","Buckley"
299,2012675967," Stephen","Coniglio"
300,2018671956," Isaac","Cumming"
301,2010684139," Phil","Davis"
302,2021706816," Matt","Flynn"
303,2020719374," Tom","Green"
304,2012717773," Toby","Greene"
305,2012726893," Nick","Haynes"
306,2019723393," Bobby","Hill"
307,2016723009," Harry","Himmelberg"
308,2016727433," Jacob","Hopper"
309,2019735732," Connor","Idun"
310,2011752234," Lachlan","Keeffe"
311,2014752713," Josh","Kelly"
312,2020795814," Xavier","OHalloran"
313,2017805026," Harry","Perryman"
314,2008827999," Sam","Reid"
315,2017848621," Tim","Taranto"
316,2018845175," Sam","Taylor"
317,2008879369," Callan","Ward"
318,20091002045," Matt","de Boer"
319,2018682126," Brent","Daniels"
320,2018835317," Nick","Shipley"
321,2019834419," Zach","Sproule"
322,2012664999," Matt","Buntine"
323,2017708800," Jeremy","Finlayson"
324,2008773839," Shane","Mumford"
325,2020827511," Jake","Riccardi"
326,2021833557," Conor","Stone"
327,2015723350," Jesse","Hogan"
328,2013873745," Lachie","Whitfield"
329,2017765543," Daniel","Lloyd"
330,2021665802," Kieren","Briggs"
331,2021667039," Callum","Brown"
332,2012758114," Adam","Kennedy"
333,2019837061," Jake","Stein"
334,2021802858," James","Peatling"
335,2011663064," Luke","Breust"
336,2021662446," Tyler","Brockman"
337,2002669287," Shaun","Burgoyne"
338,2013677583," Jonathon","Ceglar"
339,2020683796," Will","Day"
340,2021684041," Connor","Downie"
341,2012702150," Sam","Frost"
342,2019721542," Oliver","Hanrahan"
343,2016727274," Blake","Hardwick"
344,2013724713," Kyle","Hartigan"
345,2015729666," Daniel","Howe"
346,2014738925," Jarman","Impey"
347,2019749505," Changkuoth","Jiath"
348,2021759277," Jacob","Koschitzke"
349,2008773550," Ben","McEvoy"
350,2013777613," Tom","Mitchell"
351,2019777733," Dylan","Moore"
352,2017775642," Harry","Morrison"
353,2014793667," Tim","OBrien"
354,2013794024," Jaeger","OMeara"
355,2016801382," Tom","Phillips"
356,2009832661," Liam","Shiels"
357,2018871911," James","Worpel"
358,2017838024," Jack","Scrimshaw"
359,2018768364," Mitch","Lewis"
360,2012874810," Chad","Wingard"
361,2016725811," Michael","Hartley"
362,2017674525," James","Cousins"
363,2018783190," Conor","Nash"
364,2020773698," Finn","Maginness"
365,2020715132," Damon","Greaves"
366,2010713968," Jack","Gunston"
367,2021743898," Emerson","Jeka"
368,2020772347," Josh","Morris"
369,2021824066," Ned","Reeves"
370,2021789985," Jai","Newcombe"
371,2021668904," Lachlan","Bramble"
372,2021716124," Denver","Grainger-Barras"
373,2015665345," Angus","Brayshaw"
374,2019677190," Kade","Chandler"
375,2018705341," Bayley","Fritsch"
376,2011718646," Max","Gawn"
377,2015722143," James","Harmes"
378,2016725603," Jayden","Hunt"
379,2020747780," Luke","Jackson"
380,2009746213," Neville","Jetta"
381,2006749514," Nathan","Jones"
382,2021745011," James","Jordon"
383,2015765853," Ed","Langdon"
384,2015761111," Jake","Lever"
385,2011771473," Steven","May"
386,2011779716," Tom","McDonald"
387,2015783703," Alex","Neal-Bullen"
388,2016799932," Clayton","Oliver"
389,2016803810," Christian","Petracca"
390,2020802101," Kysaiah","Pickett"
391,2020821360," Trent","Rivers"
392,2014831646," Christian","Salem"
393,2018831644," Charlie","Spargo"
394,2019831764," Tom","Sparrow"
395,2012848079," Adam","Tomlinson"
396,2019665482," Oskar","Baker"
397,2013864812," Jack","Viney"
398,2010772094," Jake","Melksham"
399,2011669981," Mitch","Brown"
400,2011723717," Michael","Hibberd"
401,2018802450," Harry","Petty"
402,2014665536," Ben","Brown"
403,2016875200," Sam","Weideman"
404,2015861428," Aaron","Vandenberg"
405,2021666343," Jake","Bowey"
406,2017838949," Joel","Smith"
407,2011656008," Shaun","Atley"
408,2018669246," Aiden","Bonar"
409,2013679173," Aidan","Corr"
410,2018687507," Luke","Davies-Uniacke"
411,2008718054," Todd","Goldstein"
412,2017767879," Nick","Larkey"
413,2021768073," Charlie","Lazzaro"
414,2020773938," Jack","Mahony"
415,2017775377," Ben","McKay"
416,2015771592," Connor","Menadue"
417,2011803275," Jared","Polec"
418,2021805517," Tom","Powell"
419,2019839062," Bailey","Scott"
420,2017831292," Jy","Simpkin"
421,2018835819," Jaidyn","Stephenson"
422,2019848070," Curtis","Taylor"
423,2019848953," Tarryn","Thomas"
424,2014841299," Kayne","Turner"
425,2012844200," Dom","Tyson"
426,2012874022," Josh","Walker"
427,2019898589," Lachie","Young"
428,2009901211," Jack","Ziebell"
429,2017901846," Cameron","Zurhaar"
430,2013651330," Jed","Anderson"
431,2012722939," Aaron","Hall"
432,2010679202," Ben","Cunnington"
433,2019727565," Kyron","Hayden"
434,2021802041," Will","Phillips"
435,2012678444," Tom","Campbell"
436,2014771514," Luke","McDonald"
437,2020661983," Atu","Bosenavulagi"
438,2015686612," Trent","Dumont"
439,2013717746," Taylor","Garner"
440,2010848340," Robbie","Tarrant"
441,2020881875," Tristan","Xerri"
442,2021709219," Eddie","Ford"
443,2021671581," Charlie","Comben"
444,2021835338," Phoenix","Spicer"
445,2016655002," Aliir","Aliir"
446,2015653134," Karl","Amon"
447,2021663355," Miles","Bergman"
448,2007664906," Travis","Boak"
449,2016662686," Riley","Bonner"
450,2016669115," Ryan","Burton"
451,2019663639," Zak","Butters"
452,2016664470," Darcy","Byrne-Jones"
453,2014672868," Tom","Clurey"
454,2011685707," Charlie","Dixon"
455,2019689522," Willem","Drew"
456,2019688399," Xavier","Duursma"
457,2014707339," Orazio","Fantasia"
458,2018705908," Kane","Farrell"
459,2007719318," Robbie","Gray"
460,2017722204," Dan","Houston"
461,2011746753," Tom","Jonas"
462,2019763449," Peter","Ladhams"
463,2011765875," Scott","Lycett"
464,2017771202," Todd","Marshall"
465,2010777559," Steven","Motlop"
466,2009824522," Tom","Rockliff"
467,2013873126," Ollie","Wines"
468,2020717789," Mitch","Georgiades"
469,2009724069," Hamish","Hartlett"
470,2019822304," Connor","Rozee"
471,2021744647," Lachie","Jones"
472,2013773131," Sam","Mayes"
473,2020874600," Boyd","Woodcock"
474,2021707277," Martin","Frederick"
475,2017804970," Sam","Powell-Pepper"
476,2011773387," Trent","McKenzie"
477,2018764219," Jarrod","Lienert"
478,2021872465," Dylan","Williams"
479,2021779675," Jed","McEntee"
480,2020654979," Jake","Aarts"
481,2010658214," David","Astbury"
482,2018663038," Liam","Baker"
483,2019663723," Noah","Balta"
484,2017662192," Shai","Bolton"
485,2016661079," Nathan","Broad"
486,2011679683," Josh","Caddy"
487,2016673772," Jason","Castagna"
488,2007699633," Shane","Edwards"
489,2017716913," Jack","Graham"
490,2010719510," Dylan","Grimes"
491,2015766910," Kane","Lambert"
492,2011769877," Tom","Lynch"
493,2010771114," Dustin","Martin"
494,2015771823," Kamdyn","McIntosh"
495,2015789802," Toby","Nankervis"
496,2019805439," Marlion","Pickett"
497,2011807722," Dion","Prestia"
498,2007822538," Jack","Riewoldt"
499,2016827316," Daniel","Rioli"
500,2019827224," Jack","Ross"
501,2016835840," Jayden","Short"
502,2013864952," Nick","Vlastuin"
503,2008672876," Trent","Cotchin"
504,2019699470," Derek","Eggmolesse-Smith"
505,2007727197," Bachar","Houli"
506,2021772303," Rhyan","Mansell"
507,2021778106," Will","Martyn"
508,2021677886," Riley","Collier-Dawkins"
509,2019784270," Patrick","Naish"
510,2021823893," Hugo","Ralphsmith"
511,2016676375," Mabior","Chol"
512,2019679542," Callum","Coleman-Jones"
513,2021823551," Samson","Ryan"
514,2020682831," Thomson","Dow"
515,2018714804," Ryan","Garthwaite"
516,2019838360," Sydney","Stack"
517,2019801558," Matthew","Parker"
518,2021824998," Maurice","Rioli"
519,2021778136," Ben","Miller"
520,2017662715," Josh","Battle"
521,2014668660," Jack","Billings"
522,2017669102," Dan","Butler"
523,2020665793," Jack","Bytel"
524,2018671740," Hunter","Clark"
525,2018671121," Nick","Coffield"
526,2016716809," Jade","Gresham"
527,2018729702," Jack","Higgins"
528,2021726276," Tom","Highmore"
529,2012727078," Bradley","Hill"
530,2016728510," Dougal","Howard"
531,2021729078," Paul","Hunter"
532,2017766216," Ben","Long"
533,2015767957," Jack","Lonie"
534,2015776577," Daniel","McKenzie"
535,2009771825," Shaun","McKernan"
536,2014777376," Tim","Membrey"
537,2012821790," Sebastian","Ross"
538,2015834201," Jack","Sinclair"
539,2015835970," Jack","Steele"
540,2013872622," Jimmy","Webster"
541,2019871580," Callum","Wilkie"
542,2014878237," Mason","Wood"
543,2014745540," Zak","Jones"
544,2020755397," Max","King"
545,2010679948," Jake","Carlisle"
546,2013674392," Brad","Crouch"
547,2017772591," Rowan","Marshall"
548,2014685238," Luke","Dunstan"
549,2018741884," Darragh","Joyce"
550,2020667484," Ryan","Byrnes"
551,2006825930," Paddy","Ryder"
552,2007704941," James","Frawley"
553,2008717670," Jarryn","Geary"
554,2021672637," Oscar","Clavarino"
555,2021678301," Leo","Connolly"
556,2013759685," Dean","Kent"
557,2021839564," Cooper","Sharman"
558,2009726698," Dan","Hannebery"
559,2019663435," Nick","Blakey"
560,2021672027," Braeden","Campbell"
561,2012674793," Harry","Cunningham"
562,2017687056," Jordan","Dawson"
563,2017702539," Oliver","Florent"
564,2021712929," Errol","Gulden"
565,2017724516," Will","Hayward"
566,2015728707," Isaac","Heeney"
567,2016726232," George","Hewett"
568,2011729980," Tom","Hickey"
569,2008757561," Josh","Kennedy"
570,2014767931," Jake","Lloyd"
571,2018776402," Tom","McCartin"
572,2021775073," Logan","McDonald"
573,2019773410," Hayden","McLean"
574,2016773830," Callum","Mills"
575,2016803212," Tom","Papley"
576,2011807692," Luke","Parker"
577,2013825860," Dane","Rampe"
578,2010829216," Sam","Reid"
579,2019826450," James","Rowbottom"
580,2020878482," Chad","Warner"
581,2020879009," Sam","Wicks"
582,2005708162," Lance","Franklin"
583,2020762867," Matt","Ling"
584,2019779724," Justin","McInerney"
585,2019668572," James","Bell"
586,2017773724," Lewis","Melican"
587,2020837863," Dylan","Stephens"
588,2016668464," Kaiden","Brand"
589,2013835249," Callum","Sinclair"
590,2016673046," Ryan","Clarke"
591,2018799068," Colin","ORiordan"
592,2017701570," Robbie","Fox"
593,2014848528," Lewis","Taylor"
594,2020651689," Joel","Amartey"
595,2018822289," Ben","Ronke"
596,2018659713," Oscar","Allen"
597,2015662872," Tom","Barrass"
598,2016676071," Tom","Cole"
599,2011671975," Jamie","Cripps"
600,2011688430," Jack","Darling"
601,2015684385," Liam","Duggan"
602,2011712726," Andrew","Gaff"
603,2006724485," Shannon","Hurn"
604,2018744900," Jamaine","Jones"
605,2018758572," Tim","Kelly"
606,2006757023," Josh","Kennedy"
607,2018762677," Zac","Langdon"
608,2014774094," Jeremy","McGovern"
609,2009787123," Nic","Naitanui"
610,2015788609," Jackson","Nelson"
611,2020793920," Xavier","ONeill"
612,2018804230," Jack","Petruccelle"
613,2009825096," Jack","Redden"
614,2019824307," Josh","Rotham"
615,2018829119," Liam","Ryan"
616,2014839842," Dom","Sheed"
617,2010837155," Brad","Sheppard"
618,2011864351," Nathan","Vardy"
619,2015654090," Brendon","Ah Chee"
620,2018661796," Jarrod","Brander"
621,2010833473," Luke","Shuey"
622,2018874605," Jake","Waterman"
623,2021875898," Isiah","Winder"
624,2017878846," Alex","Witherden"
625,2018658021," Brayden","Ainsworth"
626,2020698920," Harry","Edwards"
627,2020702375," Luke","Foley"
628,2020879607," Bailey","Williams"
629,2012897871," Elliot","Yeo"
630,2021698502," Luke","Edwards"
631,2021872717," Connor","West"
632,2013728891," Mark","Hutchings"
633,2014665253," Marcus","Bontempelli"
634,2012666113," Josh","Bruce"
635,2015684036," Bailey","Dale"
636,2015685477," Caleb","Daniel"
637,2016686128," Josh","Dunkley"
638,2013682780," Taylor","Duryea"
639,2017691632," Tim","English"
640,2019719435," Ryan","Gardner"
641,2013723481," Lachie","Hunter"
642,2017759851," Alex","Keath"
643,2011766698," Tom","Liberatore"
644,2017765014," Patrick","Lipinski"
645,2013773561," Jack","Macrae"
646,2008772670," Stefan","Martin"
647,2021773466," Lachlan","McNeil"
648,2018781136," Aaron","Naughton"
649,2021837430," Anthony","Scott"
650,2019836618," Bailey","Smith"
651,2012841186," Adam","Treloar"
652,2020867730," Laitham","Vandermeer"
653,2011872415," Mitch","Wallis"
654,2019871174," Rhylee","West"
655,2016873012," Bailey","Williams"
656,2012749203," Jason","Johannisen"
657,2009879614," Easton","Wood"
658,2017899644," Lewis","Young"
659,2020677310," Ben","Cavarra"
660,2012673943," Hayden","Crozier"
661,2021833790," Jordon","Sweet"
662,2015679832," Zaine","Cordy"
663,2012745000," Lin","Jong"
664,2017729930," Mitch","Hannan"
665,2016839938," Josh","Schache"
666,2021753591," Buku","Khamis"
667,2015835077," Roarke","Smith"
668,2020874392," Cody","Weightman"
669,2020668745," Louis","Butler"
670,2021712561," Riley","Garcia"
671,2015771528," Toby","McLean"
672,2018824626," Ed","Richards"
673,2021858050," Jamarra","Ugle-Hagan"
674,2014678470," Matt","Crouch"
675,2007712963," Bryce","Gibbs"
676,2020772746," Fischer","McAsey"
677,2016776481," Wayne","Milera"
678,2017831025," Tyson","Stengle"
679,2011843284," Daniel","Talia"
680,2016673533," Ben","Crocker"
681,2018807950," Myles","Poholke"
682,2015753305," Riley","Knight"
683,2019652827," Noah","Answerth"
684,2018824025," Cam","Rayner"
685,2014697406," Cam","Ellis-Yolmen"
686,2016835010," Archie","Smith"
687,2017833334," Sam","Skinner"
688,2018694494," Matt","Eagles"
689,2008759130," Matthew","Kreuzer"
690,2003836344," Kade","Simpson"
691,2014769437," Darcy","Lang"
692,2020809776," Sam","Philp"
693,2016772990," Callum","Moore"
694,2017809983," Cameron","Polson"
695,2016871222," Rupert","Wills"
696,2015838906," Matt","Scharenberg"
697,2007864400," Travis","Varcoe"
698,2007822373," Ben","Reid"
699,2014666439," Tim","Broomhead"
700,2006686832," Lynden","Dunn"
701,2018659341," Flynn","Appleby"
702,2008665688," Tom","Bellchambers"
703,2009727654," Michael","Hurley"
704,2017726713," Mitchell","Hibberd"
705,2015772271," Conor","McKenna"
706,2017664774," Josh","Begley"
707,2018776764," Kobe","Mutch"
708,2020778512," Irving","Mosquito"
709,2014774903," Cam","McCarthy"
710,2011775065," Brandon","Matera"
711,2009726782," Stephen","Hill"
712,2016746929," Jesse","Joyce"
713,2008722128," Pearce","Hanley"
714,2002652211," Gary","Ablett"
715,2019703444," Darcy","Fort"
716,2008849301," Harry","Taylor"
717,2009836029," Jack","Steven"
718,2020749465," Ben","Jarvis"
719,2009748959," Sam","Jacobs"
720,2005836583," Heath","Shaw"
721,2012833453," Tom","Sheridan"
722,2020724875," Tom","Hutchesson"
723,2010728130," Ricky","Henderson"
724,2012805807," Jonathon","Patton"
725,2011809824," Paul","Puopolo"
726,2010833880," Tom","Scully"
727,2015831293," James","Sicily"
728,2010835476," Ben","Stratton"
729,2020741124," Harry","Jones"
730,2013774263," Darren","Minchington"
731,2015663968," Keegan","Brooksby"
732,2017716658," Conor","Glass"
733,2020667638," Toby","Bedford"
734,2019764880," Jay","Lockhart"
735,2011668878," Harley","Bennell"
736,2017804708," Braydon","Preuss"
737,2016877384," Josh","Wagner"
738,2018651635," Paul","Ahern"
739,2010773291," Jamie","Macmillan"
740,2018773254," Tom","Murphy"
741,2011802211," Jasper","Pittard"
742,2012874817," Marley","Williams"
743,2013681745," Majak","Daw"
744,2020727912," Lachlan","Hosie"
745,2018872055," Will","Walker"
746,2017681470," Sam","Durdin"
747,2017865784," Ed","Vickers-Willis"
748,2020805815," Flynn","Perez"
749,2008697342," Brad","Ebert"
750,2007874401," Justin","Westhoff"
751,2012832028," Cam","Sutcliffe"
752,2017831192," Ivan","Soldo"
753,2018802965," Ben","Paton"
754,2010828665," Dylan","Roberton"
755,2015776308," Jonathon","Marsh"
756,2009834944," Shane","Savage"
757,2018803773," Ed","Phillips"
758,2018655703," Ryan","Abbott"
759,2014711121," Sam","Gray"
760,2014786629," Sam","Naismith"
761,2018833160," Ryley","Stoddart"
762,2020848404," Elijah","Taylor"
763,2013846132," Jackson","Thurlow"
764,2020707823," Zac","Foot"
765,2010743044," Lewis","Jetta"
766,2007839508," Will","Schofield"
767,2019672790," Jarrod","Cameron"
768,2020829441," Nic","Reid"
769,2020663853," Hamish","Brayshaw"
770,2014769049," Sam","Lloyd"
771,2009831205," Matt","Suckling"
772,2018717325," Billy","Gowers"
773,2020802610," Callum","Porter"
774,2010846795," Jackson","Trengove"
775,2012684055," Tory","Dickson"
776,2019723676," Will","Hayes"
777,2006687579," Richard","Douglas"
778,2017713949," Jordan","Gallucci"
779,2008795429," Andy","Otten"
780,2018876297," Patrick","Wilson"
781,2010664900," Ryan","Bastinac"
782,2002729746," Luke","Hodge"
783,2011676773," Allen","Christensen"
784,2014827563," Nick","Robertson"
785,2017654463," Jacob","Allison"
786,2017678146," Cedric","Cox"
787,2011709903," Alex","Fasolo"
788,2015716289," Jarrod","Garlett"
789,2006847247," Dale","Thomas"
790,2010768693," Matthew","Lobbe"
791,2015774820," Caleb","Marchbank"
792,2017773487," Harrison","Macreadie"
793,2015719665," Hugh","Goddard"
794,2017688971," Josh","Deluca"
795,2019839612," Angus","Schumacher"
796,2009664745," Dayne","Beams"
797,2014767136," Tom","Langdon"
798,2003879516," Daniel","Wells"
799,2012662089," Mark","Baguley"
800,2008772107," David","Myers"
801,2009677840," Zac","Clarke"
802,2017779850," Ben","McNiece"
803,2019742146," Tom","Jok"
804,2009661143," Hayden","Ballantyne"
805,2017789829," Ryan","Nyhuis"
806,2003837329," Aaron","Sandilands"
807,2019677689," Jason","Carter"
808,2019688496," Hugh","Dixon"
809,2018744038," Scott","Jones"
810,2012723748," Jack","Hombsch"
811,2012725993," George","Horlin-Smith"
812,2012778978," Anthony","Miles"
813,2012773837," Jordan","Murdoch"
814,2012895734," Aaron","Young"
815,2016838317," Josh","Schoenfeld"
816,2015693944," Corey","Ellis"
817,2017837636," Brad","Scheer"
818,2018722737," Jacob","Heron"
819,2004828133," Michael","Rischitelli"
820,2018681606," Jacob","Dawson"
821,2017804412," James","Parsons"
822,2008832831," Scott","Selwood"
823,2005682511," Brett","Deledio"
824,2010833126," Dawson","Simpson"
825,2018771785," David","Mirra"
826,2005825900," Jarryd","Roughead"
827,2019724353," Marty","Hore"
828,2016871564," Corey","Wagner"
829,2014753810," Kade","Kolodjashnij"
830,2015833635," Billy","Stretch"
831,2005763817," Jordan","Lewis"
832,2009718600," Jeff","Garlett"
833,2017834225," Tim","Smith"
834,2019754525," Declan","Keilty"
835,2014755458," Jay","Kennedy Harris"
836,2019684011," Kyle","Dunkley"
837,2008848015," Scott","Thompson"
838,2009872221," Sam","Wright"
839,2013727716," Nathan","Hrovat"
840,2009875413," Jack","Watts"
841,2009666472," Matthew","Broadbent"
842,2017743742," Aidyn","Johnson"
843,2017651348," Joe","Atley"
844,2019714603," Joel","Garner"
845,2009822285," Alex","Rance"
846,2011875794," Maverick","Weller"
847,2016801117," Lewis","Pierce"
848,2008662225," Nathan","Brown"
849,2012768161," Billy","Longer"
850,2019898324," Robbie","Young"
851,2007654108," David","Armitage"
852,2016878259," Brandon","White"
853,2019769044," Doulton","Langlands"
854,2013821966," Sam","Rowe"
855,2006713298," Heath","Grundy"
856,2004776824," Jarrad","McVeigh"
857,2007746814," Kieren","Jack"
858,2010771251," Daniel","Menzel"
859,2015827922," James","Rose"
860,2008773494," Chris","Masten"
861,2018863157," Daniel","Venables"
862,2016838200," Josh","Smith"
863,2018824386," Willie","Rioli"
864,2019873059," Francis","Watson"
865,2012823366," Fletcher","Roberts"
866,2005778389," Dale","Morris"
867,2012721746," Curtly","Hampton"
868,2012713054," Sam","Gibson"
869,2009675555," Kyle","Cheney"
870,2012661596," Tom","Bell"
871,2011665801," Rohan","Bewick"
872,2015663855," Jake","Barrett"
873,2015666052," Ciaran","Byrne"
874,2013764158," Jed","Lamb"
875,2011772164," Aaron","Mullett"
876,2011872696," Matthew","Wright"
877,2011797972," Cameron","OShea"
878,2013718523," Nick","Graham"
879,2012751590," Sam","Kerridge"
880,2018754945," Pat","Kerr"
881,2017801122," Jarrod","Pickett"
882,2011834758," Matt","Shaw"
883,2018779630," Sam","Murray"
884,2010662147," Jarryd","Blair"
885,2013798422," Adam","Oxley"
886,2007719632," Tyson","Goldsack"
887,2010684385," Matt","Dea"
888,2003717206," Brendon","Goddard"
889,2011713720," Josh","Green"
890,2012773803," Jackson","Merrett"
891,2007764226," Matthew","Leuenberger"
892,2016766324," Jake","Long"
893,2005742792," Michael","Johnson"
894,2014757844," Shane","Kersten"
895,2005802459," Danyle","Pearce"
896,2014653706," Michael","Apeness"
897,2015714459," Brady","Grey"
898,2005821974," Matt","Rosa"
899,2011844132," Rory","Thompson"
900,2013763446," Jesse","Lonergan"
901,2010664604," Michael","Barlow"
902,2017835168," Max","Spencer"
903,2018678662," Brayden","Crossley"
904,2014768460," Jack","Leslie"
905,2015713711," Cory","Gregson"
906,2017672631," Jordan","Cunico"
907,2010672367," Stewart","Crameri"
908,2011665405," Aaron","Black"
909,2017665513," Wylie","Buzza"
910,2005717264," Ryan","Griffen"
911,2013662460," Dylan","Buckley"
912,2012772311," Tim","Mohr"
913,2008822999," Cyril","Rioli"
914,2009838202," Ryan","Schoenmakers"
915,2013762405," Will","Langford"
916,2009877879," Brendan","Whitecross"
917,2017773522," Teia","Miles"
918,2013797914," Jonathan","ORourke"
919,2017778711," Corey","Maynard"
920,2011801163," Cameron","Pedersen"
921,2006865213," Bernie","Vince"
922,2012669664," Tomas","Bugg"
923,2014721177," Billy","Hartung"
924,2011747373," Ben","Jacobs"
925,2003874001," Jarrad","Waite"
926,2018772830," Alex","Morgan"
927,2014667833," Dom","Barry"
928,2013788331," Jake","Neade"
929,2007843652," Lindsay","Thomas"
930,2010845874," Jack","Trengove"
931,2007714710," Shaun","Grigg"
932,2015771167," Paddy","McCartin"
933,2010831090," Koby","Stevens"
934,2013871058," Nathan","Wright"
935,2006716318," Sam","Gilbert"
936,2018822513," Bailey","Rice"
937,2016652024," Logan","Austin"
938,2018702584," Nathan","Freeman"
939,2008835971," Nick","Smith"
940,2014844457," Dean","Towers"
941,2016778822," Harrison","Marsh"
942,2015822754," Dan","Robinson"
943,2011747073," Alex","Johnson"
944,2005767865," Mark","LeCras"
945,2015775207," Fraser","McInnes"
946,2013663259," Shane","Biggs"
947,2014723568," Mitch","Honeychurch"
948,2015877357," Lukas","Webb"
949,2014821865," Jack","Redpath"
950,2014666381," Tom","Boyd"
951,2018764637," Brad","Lynch"
952,2018719221," Fergus","Greene"
953,2013777215," Troy","Menzel"
954,2017666645," Jonathon","Beech"
955,2001849962," Scott","Thompson"
956,2014673665," Michael","Close"
957,2010729784," Ryan","Harwood"
958,2013703623," Jack","Frost"
959,2011664174," Claye","Beams"
960,2015687577," Liam","Dawson"
961,2013801954," Marco","Paparone"
962,2016721208," Matthew","Hammelmann"
963,2016747613," Jarrad","Jansen"
964,2008659471," Dennis","Armfield"
965,2012836294," Billie","Smedts"
966,2010872263," Simon","White"
967,2008804553," Rhys","Palmer"
968,2010836184," Alex","Silvagni"
969,2012835246," Liam","Sumner"
970,2015667529," Blaine","Boekhorst"
971,2014834501," Ciaran","Sheehan"
972,2014825982," Jackson","Ramsay"
973,2015837771," Henry","Schade"
974,2008879174," Jesse","White"
975,2017751175," Kayle","Kirby"
976,2002755178," James","Kelly"
977,2004837240," Brent","Stanton"
978,2003874470," Jobe","Watson"
979,2010723845," Ben","Howlett"
980,2007725691," Heath","Hocking"
981,2008661632," Craig","Bird"
982,2005681903," Zac","Dawson"
983,2007715779," Jonathon","Griffin"
984,2007734931," Garrick","Ibbotson"
985,2012838322," Lee","Spurr"
986,2009833119," Nick","Suban"
987,2017661447," Harley","Balic"
988,2016879934," Mackenzie","Willis"
989,2008686669," Ryan","Davis"
990,2014671709," Daniel","Currie"
991,2009716371," Jarrad","Grant"
992,2014725037," Mitch","Hallahan"
993,2011672696," Josh","Cowan"
994,2005764453," Tom","Lonergan"
995,2004773563," Andrew","Mackie"
996,2016822790," Tom","Ruggles"
997,2002743458," Steve","Johnson"
998,2011775433," Tendai","Mzungu"
999,2006712221," Josh","Gibson"
1000,2009861375," Ty","Vickery"
1001,2016833809," Kade","Stewart"
1002,2011705438," Jack","Fitzpatrick"
1003,2016721866," Kurt","Heatherley"
1004,2017875332," Dallas","Willsmore"
1005,2009838909," Jake","Spencer"
1006,2015875102," Mitch","White"
1007,2007729523," Lachlan","Hansen"
1008,2017771652," Declan","Mountford"
1009,2006838202," Andrew","Swallow"
1010,2017784654," Dan","Nielson"
1011,2017879610," Josh","Williams"
1012,2017691846," Brett","Eddy"
1013,2006876262," Matt","White"
1014,2013849678," Jimmy","Toumpas"
1015,2005779634," Angus","Monfries"
1016,2010719862," Ben","Griffiths"
1017,2010723176," Taylor","Hunt"
1018,2014765217," Ben","Lennon"
1019,2012693506," Todd","Elton"
1020,2012775227," Steven","Morris"
1021,2011668225," Jake","Batchelor"
1022,2001823842," Nick","Riewoldt"
1023,2002777090," Leigh","Montagna"
1024,2016707219," Jordan","Foote"
1025,2009765343," Jeremy","Laidler"
1026,2008845101," Kurt","Tippett"
1027,2013742144," Brandon","Jack"
1028,2007723471," Josh","Hill"
1029,2007772585," Eric","Mackenzie"
1030,2002775293," Sam","Mitchell"
1031,2001801982," Drew","Petrie"
1032,2006804563," Matt","Priddis"
1033,2008879314," Sharrod","Wellingham"
1034,2012715261," Jonathan","Giles"
1035,2004669429," Sam","Butler"
1036,2017772257," Kurt","Mutimer"
1037,2016753899," Malcolm","Karpany"
1038,2017803001," Luke","Partington"
1039,2003661535," Matthew","Boyd"
1040,2005673207," Travis","Cloke"
1041,2000776043," Robert","Murphy"
1042,2009806801," Liam","Picken"
1043,2012833342," Clay","Smith"
1044,20051181200," Nathan","van Berlo"
1045,2014703691," Jonathan","Freeman"
1046,2005771138," Daniel","Merrett"
1047,2015698557," Billy","Evans"
1048,2012809847," Jackson","Paine"
1049,2008875980," Trent","West"
1050,2016878199," Reuben","William"
1051,2016671933," Josh","Clayton"
1052,2007699922," Andrejs","Everitt"
1053,2007743432," Michael","Jamison"
1054,2004872188," Andrew","Walker"
1055,2012875086," Mark","Whiley"
1056,2011717073," Daniel","Gorringe"
1057,2011849852," Jason","Tutt"
1058,2013741198," Kristian","Jaksch"
1059,2014713700," Corey","Gault"
1060,2009775586," Brent","Macaffer"
1061,2011832365," Ben","Sinclair"
1062,2003833172," Dane","Swan"
1063,2016718608," Matthew","Goodyear"
1064,2007844339," Alan","Toovey"
1065,2004676124," Adam","Cooney"
1066,2005674327," Ryan","Crowley"
1067,2005712694," James","Gwilt"
1068,2012835114," Jonathan","Simpkin"
1069,2006838296," Mathew","Stokes"
1070,2013755643," Nick","Kommer"
1071,2006687473," Courtenay","Dempsey"
1072,2013717372," Sam","Grimley"
1073,2008801314," James","Polkinghorne"
1074,2009714554," Nathan","Grima"
1075,2012692229," Shaun","Edwards"
1076,2003742162," Mark","Jamar"
1077,2013725318," Will","Hams"
1078,2014658541," Jason","Ashby"
1079,2013774310," Sam","Michael"
1080,2000807726," Matthew","Pavlich"
1081,2009808725," Clancee","Pearce"
1082,2013729886," Jack","Hannath"
1083,2013831213," Tanner","Smith"
1084,2016892098," Shane","Yarran"
1085,2014672695," Clay","Cameron"
1086,2005779565," Nick","Malceski"
1087,2011781862," Tom","Nicholls"
1088,2011825234," Luke","Russell"
1089,2011846205," Seb","Tape"
1090,2002669240," Jimmy","Bartel"
1091,2001699973," Corey","Enright"
1092,2006671443," Mitch","Clark"
1093,2006805596," Joel","Patfull"
1094,2013688184," Tom","Downie"
1095,2014765737," Angus","Litherland"
1096,2016769324," Kieran","Lovell"
1097,2008838939," Matthew","Spangher"
1098,2007718224," Colin","Garland"
1099,2013746965," Matt","Jones"
1100,2013759576," Ben","Kennedy"
1101,2005769839," Heritier","Lumumba"
1102,2013774143," Viv","Michie"
1103,2014783574," Ben","Newton"
1104,2008681895," Chris","Dawes"
1105,2008713743," Jack","Grimes"
1106,2002688908," Nick","Dal Santo"
1107,2003703030," Michael","Firrito"
1108,1996722607," Brent","Harvey"
1109,2009783110," Robin","Nahas"
1110,2012773565," Brad","McKenzie"
1111,2004828949," Farren","Ray"
1112,2006674623," Alipate","Carlile"
1113,2003832712," Jay","Schulz"
1114,2008831528," Paul","Stewart"
1115,2007756618," Nathan","Krakouer"
1116,2013773804," Kane","Mitchell"
1117,2011666378," John","Butcher"
1118,2016808190," Jesse","Palmer"
1119,2007721397," Shaun","Hampson"
1120,2004672392," Troy","Chaplin"
1121,2010773626," Andrew","Moore"
1122,2006775039," Ivan","Maric"
1123,2015771473," Liam","McBean"
1124,2015682087," Nathan","Drummond"
1125,2016774584," Adam","Marcon"
1126,2005688835," Sean","Dempster"
1127,2004705704," Sam","Fisher"
1128,2014848151," Eli","Templeton"
1129,2013769068," Tom","Lee"
1130,2013772131," Brodie","Murdoch"
1131,2011687873," Luke","Delaney"
1132,2015722491," Jason","Holmes"
1133,2012846405," Michael","Talia"
1134,2002828417," Ted","Richards"
1135,2006779437," Ben","McGlynn"
1136,2016729317," Jack","Hiscox"
1137,2013827893," Xavier","Richards"
1138,2009665819," Jamie","Bennell"
1139,2007692829," Xavier","Ellis"
1140,2007668175," Mitch","Brown"
1141,2009774395," Patrick","McGinnity"
1142,2013849588," Simon","Tunbridge"
1143,2004652814," Jed","Adcock"
1144,2016676275," Kieran","Collins"
1145,2004771306," Will","Minson"
1146,2010744089," Matthew","Jaensch"
1147,2013715229," Mitch","Grigg"
1148,2009775114," Brodie","Martin"
1149,2012832815," Sam","Shaw"
1150,2013678536," Justin","Clarke"
1151,2015774272," Jaden","McGrath"
1152,2002778334," Matt","Maguire"
1153,2014794195," Zac","OBrien"
1154,2003835046," Brent","Staker"
1155,2011713984," Mitch","Golby"
1156,2015663925," Hugh","Beasley"
1157,2014668915," Jordon","Bourke"
1158,2006778718," Luke","McGuane"
1159,2004674249," Andrew","Carrazzo"
1160,2002749381," Chris","Judd"
1161,2015837730," Clem","Smith"
1162,2005876999," Cameron","Wood"
1163,2009896563," Chris","Yarran"
1164,2008691384," David","Ellard"
1165,2015681532," Matthew","Dick"
1166,2007873906," Robert","Warnock"
1167,2011871547," Matthew","Watson"
1168,2014746616," Blaine","Johnson"
1169,2015708320," Tom","Fields"
1170,2015878647," Brad","Walsh"
1171,2013684280," Sam","Dwyer"
1172,2011758466," Patrick","Karnezis"
1173,2010658504," Tony","Armstrong"
1174,2000677111," Paul","Chapman"
1175,1993707514," Dustin","Fletcher"
1176,2012754326," Elliott","Kavanagh"
1177,2012796395," Nick","OBrien"
1178,2003876747," Jason","Winderlich"
1179,2014836270," Ariel","Steinberg"
1180,2011661435," Alex","Browne"
1181,2008809390," Tayte","Pears"
1182,2006681944," Paul","Duffield"
1183,2000774739," Luke","McPharlin"
1184,2015663693," Jacob","Ballard"
1185,2014681930," Max","Duffy"
1186,2009668502," Greg","Broughton"
1187,2015712141," Josh","Glenn"
1188,2004829572," Andrew","Raines"
1189,2007838672," Danny","Stanley"
1190,2013667350," Andrew","Boston"
1191,2012729778," Josh","Hall"
1192,2003822248," Jared","Rivers"
1193,2011665941," Sam","Blease"
1194,2015761767," Michael","Luxford"
1195,2002767704," Brian","Lake"
1196,2003727095," David","Hale"
1197,2002674940," Daniel","Cross"
1198,2009774052," Jordie","McKenzie"
1199,2009662364," Rohan","Bail"
1200,2011826393," Aidan","Riley"
1201,2011842067," Joel","Tippett"
1202,2007771749," Scott","McMahon"
1203,2001676477," Kane","Cornes"
1204,2012829302," Jarrad","Redden"
1205,2013673021," Sam","Colquhoun"
1206,2011713166," Nathan","Gordon"
1207,2002784639," Chris","Newman"
1208,2007807561," Ricky","Petterd"
1209,2005755125," Chris","Knights"
1210,2013658050," Matt","Arnot"
1211,2013776806," Matt","McDonough"
1212,2006845644," Matt","Thomas"
1213,2012838534," Ahmed","Saad"
1214,2003835745," Adam","Schneider"
1215,2013831828," Cameron","Shenton"
1216,2013671345," Tom","Curren"
1217,2013832932," Josh","Saunders"
1218,1999715950," Adam","Goodes"
1219,2009804032," Mike","Pyke"
1220,2000833271," Rhyce","Shaw"
1221,2012681353," Tom","Derickx"
1222,2015763666," Tom","Lamb"
1223,2014678354," Brant","Colledge"
1224,2012783384," Murray","Newman"
1225,2013711261," Brett","Goodes"
1226,2011679714," Ayce","Cordy"
1227,2015804206," Josh","Prudden"
1228,2012685071," Sam","Darley"
1229,2012807071," Daniel","Pearce"
1230,2011744071," Lewis","Johnston"
1231,2010807356," James","Podsiadly"
1232,2006803072," Jason","Porplyzia"
1233,2003826623," Ben","Rutten"
1234,2002824246," Brent","Reilly"
1235,2009801400," Jared","Petrenko"
1236,2011842973," Luke","Thompson"
1237,2000667335," Jonathan","Brown"
1238,2003772806," Brent","Moloney"
1239,2011767450," Jordan","Lisle"
1240,2001775390," Ashley","McGrath"
1241,2012771932," Andrew","McInnes"
1242,2004774432," Brock","McLean"
1243,2010761539," Kane","Lucas"
1244,1999839226," Heath","Scotland"
1245,2003663684," Luke","Ball"
1246,2007679983," Martin","Clarke"
1247,2004772199," Nick","Maxwell"
1248,2005893434," Clinton","Young"
1249,2013776772," Kyle","Martin"
1250,2010722670," Kyle","Hardingham"
1251,2007745836," Leroy","Jetta"
1252,20141184444," Dylan","van Unen"
1253,2012654717," Kurt","Aylett"
1254,2012686219," Cory","DellOlio"
1255,2013835834," Josh","Simpson"
1256,2004836956," Colin","Sylvia"
1257,2010776412," Anthony","Morabito"
1258,2013836893," Timmy","Sumner"
1259,2006873450," Matthew","Warnock"
1260,2011724392," Jack","Hutchins"
1261,2011724495," Karmichael","Hunt"
1262,2005777740," Tom","Murphy"
1263,2014725575," Louis","Herbert"
1264,2005774357," Hamish","McIntosh"
1265,2013665300," George","Burbury"
1266,2012838226," Jackson","Sheringham"
1267,2012831857," Jesse","Stringer"
1268,2014721249," Brad","Hartman"
1269,2006658504," Dylan","Addison"
1270,2001729317," Josh","Hunt"
1271,2005714730," Stephen","Gilham"
1272,2012716989," Tim","Golds"
1273,2014879738," Derick","Wanganeen"
1274,2004833822," Brad","Sewell"
1275,2014762021," Luke","Lowden"
1276,2008826272," Ben","Ross"
1277,2014876049," Alex","Woodward"
1278,2004662178," Shannon","Byrnes"
1279,2014712309," Alex","Georgiou"
1280,2013846913," Dean","Terlich"
1281,2011693004," Michael","Evans"
1282,2011784999," Daniel","Nicholson"
1283,2011848287," Luke","Tapscott"
1284,2007653719," Leigh","Adams"
1285,2009655881," Liam","Anthony"
1286,2014878598," Max","Warren"
1287,2002679320," Domenic","Cassisi"
1288,2008822700," Brent","Renouf"
1289,2005762612," Tom","Logan"
1290,2005706701," Nathan","Foley"
1291,2007752894," Jake","King"
1292,2004747957," Daniel","Jackson"
1293,2012834610," Orren","Stephenson"
1294,2005697695," Aaron","Edwards"
1295,2012792747," Brett","OHanlon"
1296,2007745322," Clinton","Jones"
1297,2008779414," Beau","Maister"
1298,1999728913," Lenny","Hayes"
1299,2011831447," Tom","Simpkin"
1300,2011835310," Arryn","Siposs"
1301,2012773953," Terry","Milera"
1302,2012686176," Sam","Dunell"
1303,2010681920," Trent","Dennis-Lane"
1304,2014877399," Spencer","White"
1305,2000798812," Ryan","OKeefe"
1306,2003825135," Lewis","Roberts-Thomson"
1307,2001674745," Dean","Cox"
1308,2000715359," Darren","Glass"
1309,2012666535," Jacob","Brennan"
1310,2010839216," Ashley","Smith"
1311,2013874109," Blayne","Wilson"
1312,2013676622," Adam","Carter"
1313,2001711934," Daniel","Giansiracusa"
1314,2007878910," Tom","Williams"
1315,2011892729," Tom","Young"
1316,2011723193," Christian","Howard"
1317,2007655214," Mark","Austin"
1318,2002744632," Graham","Johncock"
1319,2011675768," Ian","Callinan"
1320,2005843341," Richard","Tambling"
1321,2009679767," Aaron","Cornelius"
1322,2011771265," Niall","McKeever"
1323,1998668708," Simon","Black"
1324,2010791805," Jesse","OBrien"
1325,2012667882," Josh","Bootsma"
1326,2011686118," Nick","Duigan"
1327,2009743268," Aaron","Joseph"
1328,2010686160," Marcus","Davies"
1329,2013672474," Jaryd","Cachia"
1330,2000741966," Ben","Johnson"
1331,2001745717," Darren","Jolly"
1332,2002761398," Quinten","Lynch"
1333,2005823883," Jordan","Russell"
1334,2004721793," Ben","Hudson"
1335,2001758724," Andrew","Krakouer"
1336,2012772480," Caolan","Mooney"
1337,2001685283," Alan","Didak"
1338,2007682836," Alwyn","Davey"
1339,2007717112," Scott","Gumbleton"
1340,2001722269," David","Hille"
1341,2004766827," Nathan","Lovett-Murray"
1342,2013683697," Lauchlan","Dalgleish"
1343,2004665807," Kepler","Bradley"
1344,2010675838," Jesse","Crichton"
1345,2011706972," Peter","Faulks"
1346,2013703141," Alex","Forster"
1347,2011774263," Josh","Mellington"
1348,2013773349," Craig","Moller"
1349,2003664471," Jared","Brennan"
1350,2011875111," Joel","Wilkinson"
1351,2012659703," Jackson","Allen"
1352,2002665223," Campbell","Brown"
1353,2012729082," Kyal","Horsley"
1354,2011802554," Liam","Patrick"
1355,2011719276," Jacob","Gillbee"
1356,2004665411," Nathan","Bock"
1357,2013799246," Leigh","Osborne"
1358,2000679963," Joel","Corey"
1359,2012835365," Jordan","Schroder"
1360,2001665891," Dean","Brogan"
1361,2005791210," Setanta","OhAilpin"
1362,2002849227," Bret","Thornton"
1363,2012851232," Gerald","Ugle"
1364,2006669682," Max","Bailey"
1365,2000712753," Brent","Guerra"
1366,2001799727," Michael","Osborne"
1367,2009718283," Tom","Gillies"
1368,2002824259," David","Rodan"
1369,2008831154," James","Sellar"
1370,2004689690," Aaron","Davey"
1371,2010835934," James","Strauss"
1372,2012774323," James","Magner"
1373,2004771275," Joel","Macdonald"
1374,2013678994," Mitch","Clisby"
1375,2013682832," Troy","Davis"
1376,2011722464," Kieran","Harper"
1377,2011723312," Taylor","Hine"
1378,2013831687," Will","Sierakowski"
1379,2012689252," Cameron","Delaney"
1380,2010721643," Campbell","Heath"
1381,2010834076," Lewis","Stevenson"
1382,2010831207," Daniel","Stewart"
1383,2010725040," Cameron","Hitchcock"
1384,2012666354," Nathan","Blee"
1385,2004848739," Shane","Tuck"
1386,2011724405," Brad","Helbig"
1387,2006766646," Sam","Lonergan"
1388,2000664544," Jason","Blake"
1389,2001772467," Stephen","Milne"
1390,2001755145," Justin","Koschitzke"
1391,2013702203," Jackson","Ferguson"
1392,2011769646," Tom","Ledger"
1393,1999669174," Jude","Bolton"
1394,2002774605," Martin","Mattner"
1395,2005771423," Mitch","Morton"
1396,2012879079," Tommy","Walsh"
1397,1999692464," Andrew","Embley"
1398,2010722790," Ashton","Hams"
1399,2003835215," Adam","Selwood"
1400,2004878702," Beau","Waters"
1401,2008687516," Bradd","Dalziell"
1402,2001755665," Daniel","Kerr"
1403,2008774428," Cale","Morton"
1404,2006762818," Nick","Lower"
1405,2008863393," Patrick","Veszpremi"
1406,2011772281," Lukas","Markovic"
1407,2000686938," Michael","Doughty"
1408,2012774233," Tim","McIntyre"
1409,2004837773," Brad","Symes"
1410,2010668479," Todd","Banfield"
1411,2009831335," Sam","Sheldon"
1412,2006834732," Cheynee","Stiller"
1413,2005684804," Josh","Drummond"
1414,2008725018," James","Hawksley"
1415,2012871162," Stephen","Wrigley"
1416,2002665070," Amon","Buchanan"
1417,2006669101," Paul","Bower"
1418,2009672438," Andrew","Collins"
1419,2012688831," Frazer","Dale"
1420,2011795236," Rhys","OKeeffe"
1421,2012777801," Pat","McCarthy"
1422,2012772598," Luke","Mitchell"
1423,2011828076," Luke","Rounds"
1424,2012896089," Peter","Yagmoor"
1425,1998844351," Chris","Tarrant"
1426,2007661314," Simon","Buckley"
1427,2012851248," Kirk","Ugle"
1428,1999774620," Mark","McVeigh"
1429,2004684249," Ricky","Dyson"
1430,2007824625," Kyle","Reimers"
1431,2005837579," Henry","Slattery"
1432,2012765975," Brendan","Lee"
1433,2001778407," Adam","McPhee"
1434,2008657808," John","Anthony"
1435,20091181510," Jay","van Berlo"
1436,2011808926," Jayden","Pitt"
1437,1999715542," Antoni","Grover"
1438,2006735610," Sam","Iles"
1439,2011848552," Jeremy","Taylor"
1440,2000707821," Josh","Fraser"
1441,2011841022," Josh","Toy"
1442,2011675790," Michael","Coad"
1443,2005775398," Andrew","McQualter"
1444,2011774180," Alik","Magin"
1445,2012707516," Piers","Flanagan"
1446,1998837221," Matthew","Scarlett"
1447,1999874505," David","Wojcinski"
1448,1999671338," Chad","Cornes"
1449,2012709592," Israel","Folau"
1450,1997774920," James","McDonald"
1451,1998808544," Luke","Power"
1452,2012839503," Sam","Schulz"
1453,2012679529," Steve","Clifton"
1454,2012671110," Rhys","Cooyou"
1455,2000665614," Chance","Bateman"
1456,2012669835," Jarrad","Boumann"
1457,2011771867," Broc","McCauley"
1458,2000661056," Cameron","Bruce"
1459,2006663560," Clint","Bartram"
1460,2006668068," Matthew","Bate"
1461,2000714442," Brad","Green"
1462,2012844653," Josh","Tynan"
1463,2009744104," Liam","Jurrah"
1464,2012676642," Tom","Couch"
1465,2010718363," Jordan","Gysberts"
1466,2007676889," Matt","Campbell"
1467,2009878123," Ben","Warren"
1468,2009712142," Cruize","Garlett"
1469,2008779834," John","McCarthy"
1470,2004836210," Jacob","Surjan"
1471,2008806675," Darren","Pfeiffer"
1472,2004691834," Brett","Ebert"
1473,2006803498," Simon","Phillips"
1474,2008775055," Addam","Maric"
1475,2002771036," Brad","Miller"
1476,2009806624," Jayden","Post"
1477,2007671624," Daniel","Connors"
1478,2007711157," Angus","Graham"
1479,2004775140," Kelvin","Moore"
1480,2010879693," Jeromey","Webberley"
1481,2005809838," Brett","Peake"
1482,2006801047," Dean","Polo"
1483,2003714335," Jason","Gram"
1484,2004671285," Raphael","Clarke"
1485,2004837157," Mark","Seaby"
1486,2012789418," Ryan","Neates"
1487,2009834870," Tom","Swift"
1488,2010833841," Andrew","Strijk"
1489,2002728153," Ryan","Hargrave"
1490,2009684492," Nathan","Djerrkura"
1491,2005833394," Justin","Sherman"
1492,2011838967," Zephaniah","Skinner"
1493,2001717234," Lindsay","Gilbee"
1494,2010726025," Andrew","Hooper"
