player_id,first_name,last_name
2021661124, Sam,Berry
2012662083, Luke,Brown
2020665315, Jordon,Butts
2018689604, Tom,Doedee
2018703883, Billy,Frampton
2020728148, Will,Hamill
2019722465, Mitch,Hinge
2016755444, Ben,Keays
2015754078, Jake,Kelly
2013762245, Rory,Laird
2010763943, Tom,Lynch
2020773834, Shane,McAdam
2020777569, Ned,McHenry
2020772453, Andrew,McPherson
2018774782, Lachlan,Murphy
2016798113, Reilly,OBrien
2021823478, James,Rowe
2020839071, Harry,Schoenberg
2012834096, Paul,Seedsman
2020838794, Lachlan,Sholl
2009835778, Rory,Sloane
2011832909, Brodie,Smith
2009877055, Taylor,Walker
2019748529, Chayce,Jones
2008774238, David,Mackay
2021778762, Nick,Murray
2018704381, Darcy,Fogarty
2019721038, Jackson,Hately
2018722651, Elliott,Himmelberg
2021845288, Riley,Thilthorpe
2021793759, Ronin,OConnor
2021873869, Josh,Worrell
2021804782, Luke,Pedlar
2019683521, Ben,Davis
2021678665, Brayden,Cook
2020831323, Kieran,Strachan
2021712671, Lachlan,Gollant
2016654616, Callum,Ah Chee
2015656514, Harris,Andrews
2018665491, Zac,Bailey
2017669695, Jarrod,Berry
2006668040, Grant,Birchall
2014678070, Charlie,Cameron
2020674302, Keidean,Coleman
2013689718, Joe,Daniher
2020704278, Tom,Fullarton
2016727589, Eric,Hipwood
2011768267, Ryan,Lester
2012767797, Jarryd,Lyons
2016773696, Rhys,Mathieson
2012775679, Lincoln,McCarthy
2017777675, Hugh,McCluggage
2018777090, Oscar,McInerney
2012786162, Lachie,Neale
2020806330, Jack,Payne
2009828438, Daniel,Rich
2009829652, Mitch,Robinson
2021838158, Harry,Sharp
2018836883, Brandon,Starcevich
2012905229, Dayne,Zorko
2020669775, Tom,Berry
2021804686, Jaxon,Prior
2016652575, Marcus,Adams
2020661851, Connor,Ballenden
2020822855, Deven,Robertson
2014713583, Darcy,Gardiner
2014774590, Daniel,McStay
2021778288, James,Madden
2015671937, Nakia,Cockatoo
2012674522, Levi,Casboult
2014676336, Patrick,Cripps
2011679390, Ed,Curnow
2013689598, Sam,Docherty
2018682738, Paddy,Dow
2017703824, Zac,Fisher
2018707413, Lachie,Fogarty
2019713093, Michael,Gibbons
2010741553, Liam,Jones
2015775369, Oscar,McDonald
2017779237, Harry,McKay
2006779329, Marc,Murphy
2012787112, Jack,Newnes
2018794004, Lochie,OBrien
2017803423, Sam,Petrevski-Seton
2016801287, Marc,Pittonet
2013803908, Lachie,Plowman
2015839510, Adam,Saad
2017832504, Will,Setterfield
2016833015, Jack,Silvagni
2019878858, Sam,Walsh
2016871370, Jacob,Weitering
2017878987, Tom,Williamson
2014777536, Jack,Martin
2013879070, Zac,Williams
2005667052, Eddie,Betts
2020672697, Matthew,Cottrell
2021803509, Luke,Parks
2016756448, Matthew,Kennedy
2016777178, Mitch,McGovern
2016678303, David,Cuningham
2019833354, Liam,Stocker
2020794973, Matthew,Owies
2017786748, Nic,Newman
2018682020, Tom,De Koning
2020723773, Josh,Honey
2016676081, Charlie,Curnow
2021688595, Corey,Durdin
2021756692, Brodie,Kemp
2012656391, Taylor,Adams
2017661572, Callum,Brown
2020663480, Tyler,Brown
2016678001, Mason,Cox
2012675021, Jack,Crisp
2017688313, Josh,Daicos
2012693235, Jamie,Elliott
2013718586, Brodie,Grundy
2021729247, Oliver,Henry
2012724284, Will,Hoskin-Elliott
2011725789, Jeremy,Howe
2018779988, Jack,Madgen
2015777207, Brayden,Maynard
2018778422, Brody,Mihocek
2015778467, Darcy,Moore
2019789839, John,Noble
2006801835, Scott,Pendlebury
2019813547, Isaac,Quaynor
2010821389, Jordan,Roughead
2020829408, Trey,Ruscoe
2018833083, Brayden,Sier
2013847724, Josh,Thomas
20151001643, Jordan,de Goey
2009833817, Steele,Sidebottom
2008777521, Chris,Mayne
2021778355, Beau,McCreery
2009711665, Levi,Greenwood
2018675233, Darcy,Cameron
2020753798, Mark,Keane
2021775741, Finlay,Macrae
2020753223, Will,Kelly
2018776267, Nathan,Murphy
2021824683, Jay,Rantall
2021805676, Caleb,Poulter
2021878393, Tom,Wilson
2021663611, Trent,Bianco
2020769362, Max,Lynch
2021716435, Jack,Ginnivan
2021849623, Anton,Tohill
2020677029, Ned,Cahill
2019677166, Jye,Caldwell
2021674111, Nik,Cox
2014673527, Tom,Cutler
2020686068, Sam,Draper
2016701470, Aaron,Francis
2019727673, Brayden,Ham
2011723674, Dyson,Heppell
2019726583, Nick,Hind
2008723099, Cale,Hooker
2021741376, Harry,Jones
2015769089, Kyle,Langford
2015764273, Jayden,Laverde
2016777834, Anthony,McDonald-Tipungwuti
2017775567, Andrew,McGrath
2014779731, Zach,Merrett
2016804522, Darcy,Parish
2016827438, Mason,Redman
2018826450, Jordan,Ridley
2012834776, Dylan,Shiel
2012833121, Devon,Smith
2016835941, Will,Snelling
2015873891, Peter,Wright
2014717758, Martin,Gleeson
2018714830, Matt,Guelfi
2021809035, Archie,Perkins
2013833968, Jake,Stringer
2021873920, Alec,Waterman
2019904747, Brandon,Zerk-Thatcher
2009901367, David,Zaharakis
2021825839, Zach,Reid
2012806200, Andrew,Phillips
2021669724, Nick,Bryan
2013833750, James,Stewart
2014655392, Patrick,Ambrose
2021684001, Sam,Durham
2018673109, Dylan,Clarke
2014651814, Blake,Acres
2014659159, James,Aish
2015665690, Connor,Blakely
2018669647, Andrew,Brayshaw
2018676857, Adam,Cerra
2010674136, Travis,Colyer
2011678952, Reece,Conca
2017679746, Brennan,Cox
2010704250, Nat,Fyfe
2018711847, Stefan,Giro
2015725767, Joel,Hamling
2020729143, Liam,Henry
2015723338, Ethan,Hughes
2021775615, Lloyd,Meek
2005777934, David,Mundy
2015804220, Alex,Pearce
2017821854, Luke,Ryan
2019836646, Lachie,Schultz
2020833845, Caleb,Serong
2018835969, Sam,Switkowski
2013841110, Matthew,Taberner
2020879167, Tobe,Watson
2020891340, Hayden,Young
2021673890, Heath,Chapman
2017681648, Sean,Darcy
2020708891, Michael,Frederick
2012871731, Nathan,Wilson
2009873507, Michael,Walters
2020834823, Sam,Sturt
2021849113, Josh,Treacy
2018676565, Mitch,Crowden
2014767105, Rory,Lobb
2017763635, Griffin,Logue
2018682359, Taylin,Duman
2016849998, Darcy,Tucker
2019662031, Brett,Bewley
2021872846, Brandon,Walker
2021879057, Joel,Western
2018667843, Bailey,Banfield
2020653600, Noah,Anderson
2018666487, Charlie,Ballard
2017663348, Jack,Bowes
2017664185, Will,Brodie
2020666381, Connor,Budarick
2016673744, Sam,Collins
2011685784, Sam,Day
2012694309, Brandon,Ellis
2017716174, Hugh,Greenwood
2014721524, Nick,Holman
2019755490, Ben,King
2014766983, Sean,Lemmens
2019762758, Jack,Lukosius
2016775553, Darcy,Macpherson
2016772457, Oleg,Markov
2015778053, Touk,Miller
2018804468, Wil,Powell
2020825672, Izak,Rankine
2020827213, Matt,Rowell
2012836288, Alex,Sexton
2011834993, David,Swallow
2015876388, Lachie,Weller
2013871743, Jarrod,Witts
2017651121, Ben,Ainsworth
2019661033, Chris,Burgess
2007728751, Jarrod,Harbrow
2020702940, Sam,Flanders
2019718127, Caleb,Graham
2019672117, Josh,Corbett
2020702883, Jy,Farrar
2015652891, Rory,Atkins
2021829998, Malcolm,Rosas
2011839963, Zac,Smith
2016702492, Brayden,Fiorini
2020833450, Jeremy,Sharp
2021743503, Joel,Jeffrey
2012849499, Jacob,Townsend
2021689563, Alex,Davies
2019659412, Tom,Atkins
2014668825, Jed,Bews
2013661585, Mark,Blicavs
2019674146, Jordan,Clark
2019679706, Charlie,Constable
2011684234, Luke,Dahlhaus
2008681760, Patrick,Dangerfield
2011716859, Cameron,Guthrie
2017711451, Zach,Guthrie
2007724084, Tom,Hawkins
2008721800, Lachie,Henderson
2006722851, Shaun,Higgins
2012743763, Josh,Jenkins
2015755425, Jake,Kolodjashnij
2016776590, Sam,Menegola
2019776865, Gryan,Miers
2017798614, Mark,OConnor
2017807670, Brandan,Parfitt
2010827761, Gary,Rohan
2007835833, Joel,Selwood
2011833883, Isaac,Smith
2010834704, Rhys,Stanley
2017836998, Tom,Stewart
2021698799, Francis,Evans
2018726120, Jack,Henry
2011849258, Zach,Tuohy
2010681330, Mitch,Duncan
2021723612, Max,Holmes
2020672557, Brad,Close
2018788777, Quinton,Narkle
2021689846, Sam,De Koning
2012671758, Jeremy,Cameron
2018829920, Esava,Ratugolea
2017831987, Sam,Simpson
2021754613, Nathan,Kreuger
2020651147, Lachie,Ash
2021661243, Tanner,Bruhn
2020666559, Jack,Buckley
2012675967, Stephen,Coniglio
2018671956, Isaac,Cumming
2010684139, Phil,Davis
2021706816, Matt,Flynn
2020719374, Tom,Green
2012717773, Toby,Greene
2012726893, Nick,Haynes
2019723393, Bobby,Hill
2016723009, Harry,Himmelberg
2016727433, Jacob,Hopper
2019735732, Connor,Idun
2011752234, Lachlan,Keeffe
2014752713, Josh,Kelly
2020795814, Xavier,OHalloran
2017805026, Harry,Perryman
2008827999, Sam,Reid
2017848621, Tim,Taranto
2018845175, Sam,Taylor
2008879369, Callan,Ward
20091002045, Matt,de Boer
2018682126, Brent,Daniels
2018835317, Nick,Shipley
2019834419, Zach,Sproule
2012664999, Matt,Buntine
2017708800, Jeremy,Finlayson
2008773839, Shane,Mumford
2020827511, Jake,Riccardi
2021833557, Conor,Stone
2015723350, Jesse,Hogan
2013873745, Lachie,Whitfield
2017765543, Daniel,Lloyd
2021665802, Kieren,Briggs
2021667039, Callum,Brown
2012758114, Adam,Kennedy
2019837061, Jake,Stein
2021802858, James,Peatling
2011663064, Luke,Breust
2021662446, Tyler,Brockman
2002669287, Shaun,Burgoyne
2013677583, Jonathon,Ceglar
2020683796, Will,Day
2021684041, Connor,Downie
2012702150, Sam,Frost
2019721542, Oliver,Hanrahan
2016727274, Blake,Hardwick
2013724713, Kyle,Hartigan
2015729666, Daniel,Howe
2014738925, Jarman,Impey
2019749505, Changkuoth,Jiath
2021759277, Jacob,Koschitzke
2008773550, Ben,McEvoy
2013777613, Tom,Mitchell
2019777733, Dylan,Moore
2017775642, Harry,Morrison
2014793667, Tim,OBrien
2013794024, Jaeger,OMeara
2016801382, Tom,Phillips
2009832661, Liam,Shiels
2018871911, James,Worpel
2017838024, Jack,Scrimshaw
2018768364, Mitch,Lewis
2012874810, Chad,Wingard
2016725811, Michael,Hartley
2017674525, James,Cousins
2018783190, Conor,Nash
2020773698, Finn,Maginness
2020715132, Damon,Greaves
2010713968, Jack,Gunston
2021743898, Emerson,Jeka
2020772347, Josh,Morris
2021824066, Ned,Reeves
2021789985, Jai,Newcombe
2021668904, Lachlan,Bramble
2021716124, Denver,Grainger-Barras
2015665345, Angus,Brayshaw
2019677190, Kade,Chandler
2018705341, Bayley,Fritsch
2011718646, Max,Gawn
2015722143, James,Harmes
2016725603, Jayden,Hunt
2020747780, Luke,Jackson
2009746213, Neville,Jetta
2006749514, Nathan,Jones
2021745011, James,Jordon
2015765853, Ed,Langdon
2015761111, Jake,Lever
2011771473, Steven,May
2011779716, Tom,McDonald
2015783703, Alex,Neal-Bullen
2016799932, Clayton,Oliver
2016803810, Christian,Petracca
2020802101, Kysaiah,Pickett
2020821360, Trent,Rivers
2014831646, Christian,Salem
2018831644, Charlie,Spargo
2019831764, Tom,Sparrow
2012848079, Adam,Tomlinson
2019665482, Oskar,Baker
2013864812, Jack,Viney
2010772094, Jake,Melksham
2011669981, Mitch,Brown
2011723717, Michael,Hibberd
2018802450, Harry,Petty
2014665536, Ben,Brown
2016875200, Sam,Weideman
2015861428, Aaron,Vandenberg
2021666343, Jake,Bowey
2017838949, Joel,Smith
2011656008, Shaun,Atley
2018669246, Aiden,Bonar
2013679173, Aidan,Corr
2018687507, Luke,Davies-Uniacke
2008718054, Todd,Goldstein
2017767879, Nick,Larkey
2021768073, Charlie,Lazzaro
2020773938, Jack,Mahony
2017775377, Ben,McKay
2015771592, Connor,Menadue
2011803275, Jared,Polec
2021805517, Tom,Powell
2019839062, Bailey,Scott
2017831292, Jy,Simpkin
2018835819, Jaidyn,Stephenson
2019848070, Curtis,Taylor
2019848953, Tarryn,Thomas
2014841299, Kayne,Turner
2012844200, Dom,Tyson
2012874022, Josh,Walker
2019898589, Lachie,Young
2009901211, Jack,Ziebell
2017901846, Cameron,Zurhaar
2013651330, Jed,Anderson
2012722939, Aaron,Hall
2010679202, Ben,Cunnington
2019727565, Kyron,Hayden
2021802041, Will,Phillips
2012678444, Tom,Campbell
2014771514, Luke,McDonald
2020661983, Atu,Bosenavulagi
2015686612, Trent,Dumont
2013717746, Taylor,Garner
2010848340, Robbie,Tarrant
2020881875, Tristan,Xerri
2021709219, Eddie,Ford
2021671581, Charlie,Comben
2021835338, Phoenix,Spicer
2016655002, Aliir,Aliir
2015653134, Karl,Amon
2021663355, Miles,Bergman
2007664906, Travis,Boak
2016662686, Riley,Bonner
2016669115, Ryan,Burton
2019663639, Zak,Butters
2016664470, Darcy,Byrne-Jones
2014672868, Tom,Clurey
2011685707, Charlie,Dixon
2019689522, Willem,Drew
2019688399, Xavier,Duursma
2014707339, Orazio,Fantasia
2018705908, Kane,Farrell
2007719318, Robbie,Gray
2017722204, Dan,Houston
2011746753, Tom,Jonas
2019763449, Peter,Ladhams
2011765875, Scott,Lycett
2017771202, Todd,Marshall
2010777559, Steven,Motlop
2009824522, Tom,Rockliff
2013873126, Ollie,Wines
2020717789, Mitch,Georgiades
2009724069, Hamish,Hartlett
2019822304, Connor,Rozee
2021744647, Lachie,Jones
2013773131, Sam,Mayes
2020874600, Boyd,Woodcock
2021707277, Martin,Frederick
2017804970, Sam,Powell-Pepper
2011773387, Trent,McKenzie
2018764219, Jarrod,Lienert
2021872465, Dylan,Williams
2021779675, Jed,McEntee
2020654979, Jake,Aarts
2010658214, David,Astbury
2018663038, Liam,Baker
2019663723, Noah,Balta
2017662192, Shai,Bolton
2016661079, Nathan,Broad
2011679683, Josh,Caddy
2016673772, Jason,Castagna
2007699633, Shane,Edwards
2017716913, Jack,Graham
2010719510, Dylan,Grimes
2015766910, Kane,Lambert
2011769877, Tom,Lynch
2010771114, Dustin,Martin
2015771823, Kamdyn,McIntosh
2015789802, Toby,Nankervis
2019805439, Marlion,Pickett
2011807722, Dion,Prestia
2007822538, Jack,Riewoldt
2016827316, Daniel,Rioli
2019827224, Jack,Ross
2016835840, Jayden,Short
2013864952, Nick,Vlastuin
2008672876, Trent,Cotchin
2019699470, Derek,Eggmolesse-Smith
2007727197, Bachar,Houli
2021772303, Rhyan,Mansell
2021778106, Will,Martyn
2021677886, Riley,Collier-Dawkins
2019784270, Patrick,Naish
2021823893, Hugo,Ralphsmith
2016676375, Mabior,Chol
2019679542, Callum,Coleman-Jones
2021823551, Samson,Ryan
2020682831, Thomson,Dow
2018714804, Ryan,Garthwaite
2019838360, Sydney,Stack
2019801558, Matthew,Parker
2021824998, Maurice,Rioli
2021778136, Ben,Miller
2017662715, Josh,Battle
2014668660, Jack,Billings
2017669102, Dan,Butler
2020665793, Jack,Bytel
2018671740, Hunter,Clark
2018671121, Nick,Coffield
2016716809, Jade,Gresham
2018729702, Jack,Higgins
2021726276, Tom,Highmore
2012727078, Bradley,Hill
2016728510, Dougal,Howard
2021729078, Paul,Hunter
2017766216, Ben,Long
2015767957, Jack,Lonie
2015776577, Daniel,McKenzie
2009771825, Shaun,McKernan
2014777376, Tim,Membrey
2012821790, Sebastian,Ross
2015834201, Jack,Sinclair
2015835970, Jack,Steele
2013872622, Jimmy,Webster
2019871580, Callum,Wilkie
2014878237, Mason,Wood
2014745540, Zak,Jones
2020755397, Max,King
2010679948, Jake,Carlisle
2013674392, Brad,Crouch
2017772591, Rowan,Marshall
2014685238, Luke,Dunstan
2018741884, Darragh,Joyce
2020667484, Ryan,Byrnes
2006825930, Paddy,Ryder
2007704941, James,Frawley
2008717670, Jarryn,Geary
2021672637, Oscar,Clavarino
2021678301, Leo,Connolly
2013759685, Dean,Kent
2021839564, Cooper,Sharman
2009726698, Dan,Hannebery
2019663435, Nick,Blakey
2021672027, Braeden,Campbell
2012674793, Harry,Cunningham
2017687056, Jordan,Dawson
2017702539, Oliver,Florent
2021712929, Errol,Gulden
2017724516, Will,Hayward
2015728707, Isaac,Heeney
2016726232, George,Hewett
2011729980, Tom,Hickey
2008757561, Josh,Kennedy
2014767931, Jake,Lloyd
2018776402, Tom,McCartin
2021775073, Logan,McDonald
2019773410, Hayden,McLean
2016773830, Callum,Mills
2016803212, Tom,Papley
2011807692, Luke,Parker
2013825860, Dane,Rampe
2010829216, Sam,Reid
2019826450, James,Rowbottom
2020878482, Chad,Warner
2020879009, Sam,Wicks
2005708162, Lance,Franklin
2020762867, Matt,Ling
2019779724, Justin,McInerney
2019668572, James,Bell
2017773724, Lewis,Melican
2020837863, Dylan,Stephens
2016668464, Kaiden,Brand
2013835249, Callum,Sinclair
2016673046, Ryan,Clarke
2018799068, Colin,ORiordan
2017701570, Robbie,Fox
2014848528, Lewis,Taylor
2020651689, Joel,Amartey
2018822289, Ben,Ronke
2018659713, Oscar,Allen
2015662872, Tom,Barrass
2016676071, Tom,Cole
2011671975, Jamie,Cripps
2011688430, Jack,Darling
2015684385, Liam,Duggan
2011712726, Andrew,Gaff
2006724485, Shannon,Hurn
2018744900, Jamaine,Jones
2018758572, Tim,Kelly
2006757023, Josh,Kennedy
2018762677, Zac,Langdon
2014774094, Jeremy,McGovern
2009787123, Nic,Naitanui
2015788609, Jackson,Nelson
2020793920, Xavier,ONeill
2018804230, Jack,Petruccelle
2009825096, Jack,Redden
2019824307, Josh,Rotham
2018829119, Liam,Ryan
2014839842, Dom,Sheed
2010837155, Brad,Sheppard
2011864351, Nathan,Vardy
2015654090, Brendon,Ah Chee
2018661796, Jarrod,Brander
2010833473, Luke,Shuey
2018874605, Jake,Waterman
2021875898, Isiah,Winder
2017878846, Alex,Witherden
2018658021, Brayden,Ainsworth
2020698920, Harry,Edwards
2020702375, Luke,Foley
2020879607, Bailey,Williams
2012897871, Elliot,Yeo
2021698502, Luke,Edwards
2021872717, Connor,West
2013728891, Mark,Hutchings
2014665253, Marcus,Bontempelli
2012666113, Josh,Bruce
2015684036, Bailey,Dale
2015685477, Caleb,Daniel
2016686128, Josh,Dunkley
2013682780, Taylor,Duryea
2017691632, Tim,English
2019719435, Ryan,Gardner
2013723481, Lachie,Hunter
2017759851, Alex,Keath
2011766698, Tom,Liberatore
2017765014, Patrick,Lipinski
2013773561, Jack,Macrae
2008772670, Stefan,Martin
2021773466, Lachlan,McNeil
2018781136, Aaron,Naughton
2021837430, Anthony,Scott
2019836618, Bailey,Smith
2012841186, Adam,Treloar
2020867730, Laitham,Vandermeer
2011872415, Mitch,Wallis
2019871174, Rhylee,West
2016873012, Bailey,Williams
2012749203, Jason,Johannisen
2009879614, Easton,Wood
2017899644, Lewis,Young
2020677310, Ben,Cavarra
2012673943, Hayden,Crozier
2021833790, Jordon,Sweet
2015679832, Zaine,Cordy
2012745000, Lin,Jong
2017729930, Mitch,Hannan
2016839938, Josh,Schache
2021753591, Buku,Khamis
2015835077, Roarke,Smith
2020874392, Cody,Weightman
2020668745, Louis,Butler
2021712561, Riley,Garcia
2015771528, Toby,McLean
2018824626, Ed,Richards
2021858050, Jamarra,Ugle-Hagan
2014678470, Matt,Crouch
2007712963, Bryce,Gibbs
2020772746, Fischer,McAsey
2016776481, Wayne,Milera
2017831025, Tyson,Stengle
2011843284, Daniel,Talia
2016673533, Ben,Crocker
2018807950, Myles,Poholke
2015753305, Riley,Knight
2019652827, Noah,Answerth
2018824025, Cam,Rayner
2014697406, Cam,Ellis-Yolmen
2016835010, Archie,Smith
2017833334, Sam,Skinner
2018694494, Matt,Eagles
2008759130, Matthew,Kreuzer
2003836344, Kade,Simpson
2014769437, Darcy,Lang
2020809776, Sam,Philp
2016772990, Callum,Moore
2017809983, Cameron,Polson
2016871222, Rupert,Wills
2015838906, Matt,Scharenberg
2007864400, Travis,Varcoe
2007822373, Ben,Reid
2014666439, Tim,Broomhead
2006686832, Lynden,Dunn
2018659341, Flynn,Appleby
2008665688, Tom,Bellchambers
2009727654, Michael,Hurley
2017726713, Mitchell,Hibberd
2015772271, Conor,McKenna
2017664774, Josh,Begley
2018776764, Kobe,Mutch
2020778512, Irving,Mosquito
2014774903, Cam,McCarthy
2011775065, Brandon,Matera
2009726782, Stephen,Hill
2016746929, Jesse,Joyce
2008722128, Pearce,Hanley
2002652211, Gary,Ablett
2019703444, Darcy,Fort
2008849301, Harry,Taylor
2009836029, Jack,Steven
2020749465, Ben,Jarvis
2009748959, Sam,Jacobs
2005836583, Heath,Shaw
2012833453, Tom,Sheridan
2020724875, Tom,Hutchesson
2010728130, Ricky,Henderson
2012805807, Jonathon,Patton
2011809824, Paul,Puopolo
2010833880, Tom,Scully
2015831293, James,Sicily
2010835476, Ben,Stratton
2020741124, Harry,Jones
2013774263, Darren,Minchington
2015663968, Keegan,Brooksby
2017716658, Conor,Glass
2020667638, Toby,Bedford
2019764880, Jay,Lockhart
2011668878, Harley,Bennell
2017804708, Braydon,Preuss
2016877384, Josh,Wagner
2018651635, Paul,Ahern
2010773291, Jamie,Macmillan
2018773254, Tom,Murphy
2011802211, Jasper,Pittard
2012874817, Marley,Williams
2013681745, Majak,Daw
2020727912, Lachlan,Hosie
2018872055, Will,Walker
2017681470, Sam,Durdin
2017865784, Ed,Vickers-Willis
2020805815, Flynn,Perez
2008697342, Brad,Ebert
2007874401, Justin,Westhoff
2012832028, Cam,Sutcliffe
2017831192, Ivan,Soldo
2018802965, Ben,Paton
2010828665, Dylan,Roberton
2015776308, Jonathon,Marsh
2009834944, Shane,Savage
2018803773, Ed,Phillips
2018655703, Ryan,Abbott
2014711121, Sam,Gray
2014786629, Sam,Naismith
2018833160, Ryley,Stoddart
2020848404, Elijah,Taylor
2013846132, Jackson,Thurlow
2020707823, Zac,Foot
2010743044, Lewis,Jetta
2007839508, Will,Schofield
2019672790, Jarrod,Cameron
2020829441, Nic,Reid
2020663853, Hamish,Brayshaw
2014769049, Sam,Lloyd
2009831205, Matt,Suckling
2018717325, Billy,Gowers
2020802610, Callum,Porter
2010846795, Jackson,Trengove
2012684055, Tory,Dickson
2019723676, Will,Hayes
2006687579, Richard,Douglas
2017713949, Jordan,Gallucci
2008795429, Andy,Otten
2018876297, Patrick,Wilson
2010664900, Ryan,Bastinac
2002729746, Luke,Hodge
2011676773, Allen,Christensen
2014827563, Nick,Robertson
2017654463, Jacob,Allison
2017678146, Cedric,Cox
2011709903, Alex,Fasolo
2015716289, Jarrod,Garlett
2006847247, Dale,Thomas
2010768693, Matthew,Lobbe
2015774820, Caleb,Marchbank
2017773487, Harrison,Macreadie
2015719665, Hugh,Goddard
2017688971, Josh,Deluca
2019839612, Angus,Schumacher
2009664745, Dayne,Beams
2014767136, Tom,Langdon
2003879516, Daniel,Wells
2012662089, Mark,Baguley
2008772107, David,Myers
2009677840, Zac,Clarke
2017779850, Ben,McNiece
2019742146, Tom,Jok
2009661143, Hayden,Ballantyne
2017789829, Ryan,Nyhuis
2003837329, Aaron,Sandilands
2019677689, Jason,Carter
2019688496, Hugh,Dixon
2018744038, Scott,Jones
2012723748, Jack,Hombsch
2012725993, George,Horlin-Smith
2012778978, Anthony,Miles
2012773837, Jordan,Murdoch
2012895734, Aaron,Young
2016838317, Josh,Schoenfeld
2015693944, Corey,Ellis
2017837636, Brad,Scheer
2018722737, Jacob,Heron
2004828133, Michael,Rischitelli
2018681606, Jacob,Dawson
2017804412, James,Parsons
2008832831, Scott,Selwood
2005682511, Brett,Deledio
2010833126, Dawson,Simpson
2018771785, David,Mirra
2005825900, Jarryd,Roughead
2019724353, Marty,Hore
2016871564, Corey,Wagner
2014753810, Kade,Kolodjashnij
2015833635, Billy,Stretch
2005763817, Jordan,Lewis
2009718600, Jeff,Garlett
2017834225, Tim,Smith
2019754525, Declan,Keilty
2014755458, Jay,Kennedy Harris
2019684011, Kyle,Dunkley
2008848015, Scott,Thompson
2009872221, Sam,Wright
2013727716, Nathan,Hrovat
2009875413, Jack,Watts
2009666472, Matthew,Broadbent
2017743742, Aidyn,Johnson
2017651348, Joe,Atley
2019714603, Joel,Garner
2009822285, Alex,Rance
2011875794, Maverick,Weller
2016801117, Lewis,Pierce
2008662225, Nathan,Brown
2012768161, Billy,Longer
2019898324, Robbie,Young
2007654108, David,Armitage
2016878259, Brandon,White
2019769044, Doulton,Langlands
2013821966, Sam,Rowe
2006713298, Heath,Grundy
2004776824, Jarrad,McVeigh
2007746814, Kieren,Jack
2010771251, Daniel,Menzel
2015827922, James,Rose
2008773494, Chris,Masten
2018863157, Daniel,Venables
2016838200, Josh,Smith
2018824386, Willie,Rioli
2019873059, Francis,Watson
2012823366, Fletcher,Roberts
2005778389, Dale,Morris
2012721746, Curtly,Hampton
2012713054, Sam,Gibson
2009675555, Kyle,Cheney
2012661596, Tom,Bell
2011665801, Rohan,Bewick
2015663855, Jake,Barrett
2015666052, Ciaran,Byrne
2013764158, Jed,Lamb
2011772164, Aaron,Mullett
2011872696, Matthew,Wright
2011797972, Cameron,OShea
2013718523, Nick,Graham
2012751590, Sam,Kerridge
2018754945, Pat,Kerr
2017801122, Jarrod,Pickett
2011834758, Matt,Shaw
2018779630, Sam,Murray
2010662147, Jarryd,Blair
2013798422, Adam,Oxley
2007719632, Tyson,Goldsack
2010684385, Matt,Dea
2003717206, Brendon,Goddard
2011713720, Josh,Green
2012773803, Jackson,Merrett
2007764226, Matthew,Leuenberger
2016766324, Jake,Long
2005742792, Michael,Johnson
2014757844, Shane,Kersten
2005802459, Danyle,Pearce
2014653706, Michael,Apeness
2015714459, Brady,Grey
2005821974, Matt,Rosa
2011844132, Rory,Thompson
2013763446, Jesse,Lonergan
2010664604, Michael,Barlow
2017835168, Max,Spencer
2018678662, Brayden,Crossley
2014768460, Jack,Leslie
2015713711, Cory,Gregson
2017672631, Jordan,Cunico
2010672367, Stewart,Crameri
2011665405, Aaron,Black
2017665513, Wylie,Buzza
2005717264, Ryan,Griffen
2013662460, Dylan,Buckley
2012772311, Tim,Mohr
2008822999, Cyril,Rioli
2009838202, Ryan,Schoenmakers
2013762405, Will,Langford
2009877879, Brendan,Whitecross
2017773522, Teia,Miles
2013797914, Jonathan,ORourke
2017778711, Corey,Maynard
2011801163, Cameron,Pedersen
2006865213, Bernie,Vince
2012669664, Tomas,Bugg
2014721177, Billy,Hartung
2011747373, Ben,Jacobs
2003874001, Jarrad,Waite
2018772830, Alex,Morgan
2014667833, Dom,Barry
2013788331, Jake,Neade
2007843652, Lindsay,Thomas
2010845874, Jack,Trengove
2007714710, Shaun,Grigg
2015771167, Paddy,McCartin
2010831090, Koby,Stevens
2013871058, Nathan,Wright
2006716318, Sam,Gilbert
2018822513, Bailey,Rice
2016652024, Logan,Austin
2018702584, Nathan,Freeman
2008835971, Nick,Smith
2014844457, Dean,Towers
2016778822, Harrison,Marsh
2015822754, Dan,Robinson
2011747073, Alex,Johnson
2005767865, Mark,LeCras
2015775207, Fraser,McInnes
2013663259, Shane,Biggs
2014723568, Mitch,Honeychurch
2015877357, Lukas,Webb
2014821865, Jack,Redpath
2014666381, Tom,Boyd
2018764637, Brad,Lynch
2018719221, Fergus,Greene
2013777215, Troy,Menzel
2017666645, Jonathon,Beech
2001849962, Scott,Thompson
2014673665, Michael,Close
2010729784, Ryan,Harwood
2013703623, Jack,Frost
2011664174, Claye,Beams
2015687577, Liam,Dawson
2013801954, Marco,Paparone
2016721208, Matthew,Hammelmann
2016747613, Jarrad,Jansen
2008659471, Dennis,Armfield
2012836294, Billie,Smedts
2010872263, Simon,White
2008804553, Rhys,Palmer
2010836184, Alex,Silvagni
2012835246, Liam,Sumner
2015667529, Blaine,Boekhorst
2014834501, Ciaran,Sheehan
2014825982, Jackson,Ramsay
2015837771, Henry,Schade
2008879174, Jesse,White
2017751175, Kayle,Kirby
2002755178, James,Kelly
2004837240, Brent,Stanton
2003874470, Jobe,Watson
2010723845, Ben,Howlett
2007725691, Heath,Hocking
2008661632, Craig,Bird
2005681903, Zac,Dawson
2007715779, Jonathon,Griffin
2007734931, Garrick,Ibbotson
2012838322, Lee,Spurr
2009833119, Nick,Suban
2017661447, Harley,Balic
2016879934, Mackenzie,Willis
2008686669, Ryan,Davis
2014671709, Daniel,Currie
2009716371, Jarrad,Grant
2014725037, Mitch,Hallahan
2011672696, Josh,Cowan
2005764453, Tom,Lonergan
2004773563, Andrew,Mackie
2016822790, Tom,Ruggles
2002743458, Steve,Johnson
2011775433, Tendai,Mzungu
2006712221, Josh,Gibson
2009861375, Ty,Vickery
2016833809, Kade,Stewart
2011705438, Jack,Fitzpatrick
2016721866, Kurt,Heatherley
2017875332, Dallas,Willsmore
2009838909, Jake,Spencer
2015875102, Mitch,White
2007729523, Lachlan,Hansen
2017771652, Declan,Mountford
2006838202, Andrew,Swallow
2017784654, Dan,Nielson
2017879610, Josh,Williams
2017691846, Brett,Eddy
2006876262, Matt,White
2013849678, Jimmy,Toumpas
2005779634, Angus,Monfries
2010719862, Ben,Griffiths
2010723176, Taylor,Hunt
2014765217, Ben,Lennon
2012693506, Todd,Elton
2012775227, Steven,Morris
2011668225, Jake,Batchelor
2001823842, Nick,Riewoldt
2002777090, Leigh,Montagna
2016707219, Jordan,Foote
2009765343, Jeremy,Laidler
2008845101, Kurt,Tippett
2013742144, Brandon,Jack
2007723471, Josh,Hill
2007772585, Eric,Mackenzie
2002775293, Sam,Mitchell
2001801982, Drew,Petrie
2006804563, Matt,Priddis
2008879314, Sharrod,Wellingham
2012715261, Jonathan,Giles
2004669429, Sam,Butler
2017772257, Kurt,Mutimer
2016753899, Malcolm,Karpany
2017803001, Luke,Partington
2003661535, Matthew,Boyd
2005673207, Travis,Cloke
2000776043, Robert,Murphy
2009806801, Liam,Picken
2012833342, Clay,Smith
20051181200, Nathan,van Berlo
2014703691, Jonathan,Freeman
2005771138, Daniel,Merrett
2015698557, Billy,Evans
2012809847, Jackson,Paine
2008875980, Trent,West
2016878199, Reuben,William
2016671933, Josh,Clayton
2007699922, Andrejs,Everitt
2007743432, Michael,Jamison
2004872188, Andrew,Walker
2012875086, Mark,Whiley
2011717073, Daniel,Gorringe
2011849852, Jason,Tutt
2013741198, Kristian,Jaksch
2014713700, Corey,Gault
2009775586, Brent,Macaffer
2011832365, Ben,Sinclair
2003833172, Dane,Swan
2016718608, Matthew,Goodyear
2007844339, Alan,Toovey
2004676124, Adam,Cooney
2005674327, Ryan,Crowley
2005712694, James,Gwilt
2012835114, Jonathan,Simpkin
2006838296, Mathew,Stokes
2013755643, Nick,Kommer
2006687473, Courtenay,Dempsey
2013717372, Sam,Grimley
2008801314, James,Polkinghorne
2009714554, Nathan,Grima
2012692229, Shaun,Edwards
2003742162, Mark,Jamar
2013725318, Will,Hams
2014658541, Jason,Ashby
2013774310, Sam,Michael
2000807726, Matthew,Pavlich
2009808725, Clancee,Pearce
2013729886, Jack,Hannath
2013831213, Tanner,Smith
2016892098, Shane,Yarran
2014672695, Clay,Cameron
2005779565, Nick,Malceski
2011781862, Tom,Nicholls
2011825234, Luke,Russell
2011846205, Seb,Tape
2002669240, Jimmy,Bartel
2001699973, Corey,Enright
2006671443, Mitch,Clark
2006805596, Joel,Patfull
2013688184, Tom,Downie
2014765737, Angus,Litherland
2016769324, Kieran,Lovell
2008838939, Matthew,Spangher
2007718224, Colin,Garland
2013746965, Matt,Jones
2013759576, Ben,Kennedy
2005769839, Heritier,Lumumba
2013774143, Viv,Michie
2014783574, Ben,Newton
2008681895, Chris,Dawes
2008713743, Jack,Grimes
2002688908, Nick,Dal Santo
2003703030, Michael,Firrito
1996722607, Brent,Harvey
2009783110, Robin,Nahas
2012773565, Brad,McKenzie
2004828949, Farren,Ray
2006674623, Alipate,Carlile
2003832712, Jay,Schulz
2008831528, Paul,Stewart
2007756618, Nathan,Krakouer
2013773804, Kane,Mitchell
2011666378, John,Butcher
2016808190, Jesse,Palmer
2007721397, Shaun,Hampson
2004672392, Troy,Chaplin
2010773626, Andrew,Moore
2006775039, Ivan,Maric
2015771473, Liam,McBean
2015682087, Nathan,Drummond
2016774584, Adam,Marcon
2005688835, Sean,Dempster
2004705704, Sam,Fisher
2014848151, Eli,Templeton
2013769068, Tom,Lee
2013772131, Brodie,Murdoch
2011687873, Luke,Delaney
2015722491, Jason,Holmes
2012846405, Michael,Talia
2002828417, Ted,Richards
2006779437, Ben,McGlynn
2016729317, Jack,Hiscox
2013827893, Xavier,Richards
2009665819, Jamie,Bennell
2007692829, Xavier,Ellis
2007668175, Mitch,Brown
2009774395, Patrick,McGinnity
2013849588, Simon,Tunbridge
2004652814, Jed,Adcock
2016676275, Kieran,Collins
2004771306, Will,Minson
2010744089, Matthew,Jaensch
2013715229, Mitch,Grigg
2009775114, Brodie,Martin
2012832815, Sam,Shaw
2013678536, Justin,Clarke
2015774272, Jaden,McGrath
2002778334, Matt,Maguire
2014794195, Zac,OBrien
2003835046, Brent,Staker
2011713984, Mitch,Golby
2015663925, Hugh,Beasley
2014668915, Jordon,Bourke
2006778718, Luke,McGuane
2004674249, Andrew,Carrazzo
2002749381, Chris,Judd
2015837730, Clem,Smith
2005876999, Cameron,Wood
2009896563, Chris,Yarran
2008691384, David,Ellard
2015681532, Matthew,Dick
2007873906, Robert,Warnock
2011871547, Matthew,Watson
2014746616, Blaine,Johnson
2015708320, Tom,Fields
2015878647, Brad,Walsh
2013684280, Sam,Dwyer
2011758466, Patrick,Karnezis
2010658504, Tony,Armstrong
2000677111, Paul,Chapman
1993707514, Dustin,Fletcher
2012754326, Elliott,Kavanagh
2012796395, Nick,OBrien
2003876747, Jason,Winderlich
2014836270, Ariel,Steinberg
2011661435, Alex,Browne
2008809390, Tayte,Pears
2006681944, Paul,Duffield
2000774739, Luke,McPharlin
2015663693, Jacob,Ballard
2014681930, Max,Duffy
2009668502, Greg,Broughton
2015712141, Josh,Glenn
2004829572, Andrew,Raines
2007838672, Danny,Stanley
2013667350, Andrew,Boston
2012729778, Josh,Hall
2003822248, Jared,Rivers
2011665941, Sam,Blease
2015761767, Michael,Luxford
2002767704, Brian,Lake
2003727095, David,Hale
2002674940, Daniel,Cross
2009774052, Jordie,McKenzie
2009662364, Rohan,Bail
2011826393, Aidan,Riley
2011842067, Joel,Tippett
2007771749, Scott,McMahon
2001676477, Kane,Cornes
2012829302, Jarrad,Redden
2013673021, Sam,Colquhoun
2011713166, Nathan,Gordon
2002784639, Chris,Newman
2007807561, Ricky,Petterd
2005755125, Chris,Knights
2013658050, Matt,Arnot
2013776806, Matt,McDonough
2006845644, Matt,Thomas
2012838534, Ahmed,Saad
2003835745, Adam,Schneider
2013831828, Cameron,Shenton
2013671345, Tom,Curren
2013832932, Josh,Saunders
1999715950, Adam,Goodes
2009804032, Mike,Pyke
2000833271, Rhyce,Shaw
2012681353, Tom,Derickx
2015763666, Tom,Lamb
2014678354, Brant,Colledge
2012783384, Murray,Newman
2013711261, Brett,Goodes
2011679714, Ayce,Cordy
2015804206, Josh,Prudden
2012685071, Sam,Darley
2012807071, Daniel,Pearce
2011744071, Lewis,Johnston
2010807356, James,Podsiadly
2006803072, Jason,Porplyzia
2003826623, Ben,Rutten
2002824246, Brent,Reilly
2009801400, Jared,Petrenko
2011842973, Luke,Thompson
2000667335, Jonathan,Brown
2003772806, Brent,Moloney
2011767450, Jordan,Lisle
2001775390, Ashley,McGrath
2012771932, Andrew,McInnes
2004774432, Brock,McLean
2010761539, Kane,Lucas
1999839226, Heath,Scotland
2003663684, Luke,Ball
2007679983, Martin,Clarke
2004772199, Nick,Maxwell
2005893434, Clinton,Young
2013776772, Kyle,Martin
2010722670, Kyle,Hardingham
2007745836, Leroy,Jetta
20141184444, Dylan,van Unen
2012654717, Kurt,Aylett
2012686219, Cory,DellOlio
2013835834, Josh,Simpson
2004836956, Colin,Sylvia
2010776412, Anthony,Morabito
2013836893, Timmy,Sumner
2006873450, Matthew,Warnock
2011724392, Jack,Hutchins
2011724495, Karmichael,Hunt
2005777740, Tom,Murphy
2014725575, Louis,Herbert
2005774357, Hamish,McIntosh
2013665300, George,Burbury
2012838226, Jackson,Sheringham
2012831857, Jesse,Stringer
2014721249, Brad,Hartman
2006658504, Dylan,Addison
2001729317, Josh,Hunt
2005714730, Stephen,Gilham
2012716989, Tim,Golds
2014879738, Derick,Wanganeen
2004833822, Brad,Sewell
2014762021, Luke,Lowden
2008826272, Ben,Ross
2014876049, Alex,Woodward
2004662178, Shannon,Byrnes
2014712309, Alex,Georgiou
2013846913, Dean,Terlich
2011693004, Michael,Evans
2011784999, Daniel,Nicholson
2011848287, Luke,Tapscott
2007653719, Leigh,Adams
2009655881, Liam,Anthony
2014878598, Max,Warren
2002679320, Domenic,Cassisi
2008822700, Brent,Renouf
2005762612, Tom,Logan
2005706701, Nathan,Foley
2007752894, Jake,King
2004747957, Daniel,Jackson
2012834610, Orren,Stephenson
2005697695, Aaron,Edwards
2012792747, Brett,OHanlon
2007745322, Clinton,Jones
2008779414, Beau,Maister
1999728913, Lenny,Hayes
2011831447, Tom,Simpkin
2011835310, Arryn,Siposs
2012773953, Terry,Milera
2012686176, Sam,Dunell
2010681920, Trent,Dennis-Lane
2014877399, Spencer,White
2000798812, Ryan,OKeefe
2003825135, Lewis,Roberts-Thomson
2001674745, Dean,Cox
2000715359, Darren,Glass
2012666535, Jacob,Brennan
2010839216, Ashley,Smith
2013874109, Blayne,Wilson
2013676622, Adam,Carter
2001711934, Daniel,Giansiracusa
2007878910, Tom,Williams
2011892729, Tom,Young
2011723193, Christian,Howard
2007655214, Mark,Austin
2002744632, Graham,Johncock
2011675768, Ian,Callinan
2005843341, Richard,Tambling
2009679767, Aaron,Cornelius
2011771265, Niall,McKeever
1998668708, Simon,Black
2010791805, Jesse,OBrien
2012667882, Josh,Bootsma
2011686118, Nick,Duigan
2009743268, Aaron,Joseph
2010686160, Marcus,Davies
2013672474, Jaryd,Cachia
2000741966, Ben,Johnson
2001745717, Darren,Jolly
2002761398, Quinten,Lynch
2005823883, Jordan,Russell
2004721793, Ben,Hudson
2001758724, Andrew,Krakouer
2012772480, Caolan,Mooney
2001685283, Alan,Didak
2007682836, Alwyn,Davey
2007717112, Scott,Gumbleton
2001722269, David,Hille
2004766827, Nathan,Lovett-Murray
2013683697, Lauchlan,Dalgleish
2004665807, Kepler,Bradley
2010675838, Jesse,Crichton
2011706972, Peter,Faulks
2013703141, Alex,Forster
2011774263, Josh,Mellington
2013773349, Craig,Moller
2003664471, Jared,Brennan
2011875111, Joel,Wilkinson
2012659703, Jackson,Allen
2002665223, Campbell,Brown
2012729082, Kyal,Horsley
2011802554, Liam,Patrick
2011719276, Jacob,Gillbee
2004665411, Nathan,Bock
2013799246, Leigh,Osborne
2000679963, Joel,Corey
2012835365, Jordan,Schroder
2001665891, Dean,Brogan
2005791210, Setanta,OhAilpin
2002849227, Bret,Thornton
2012851232, Gerald,Ugle
2006669682, Max,Bailey
2000712753, Brent,Guerra
2001799727, Michael,Osborne
2009718283, Tom,Gillies
2002824259, David,Rodan
2008831154, James,Sellar
2004689690, Aaron,Davey
2010835934, James,Strauss
2012774323, James,Magner
2004771275, Joel,Macdonald
2013678994, Mitch,Clisby
2013682832, Troy,Davis
2011722464, Kieran,Harper
2011723312, Taylor,Hine
2013831687, Will,Sierakowski
2012689252, Cameron,Delaney
2010721643, Campbell,Heath
2010834076, Lewis,Stevenson
2010831207, Daniel,Stewart
2010725040, Cameron,Hitchcock
2012666354, Nathan,Blee
2004848739, Shane,Tuck
2011724405, Brad,Helbig
2006766646, Sam,Lonergan
2000664544, Jason,Blake
2001772467, Stephen,Milne
2001755145, Justin,Koschitzke
2013702203, Jackson,Ferguson
2011769646, Tom,Ledger
1999669174, Jude,Bolton
2002774605, Martin,Mattner
2005771423, Mitch,Morton
2012879079, Tommy,Walsh
1999692464, Andrew,Embley
2010722790, Ashton,Hams
2003835215, Adam,Selwood
2004878702, Beau,Waters
2008687516, Bradd,Dalziell
2001755665, Daniel,Kerr
2008774428, Cale,Morton
2006762818, Nick,Lower
2008863393, Patrick,Veszpremi
2011772281, Lukas,Markovic
2000686938, Michael,Doughty
2012774233, Tim,McIntyre
2004837773, Brad,Symes
2010668479, Todd,Banfield
2009831335, Sam,Sheldon
2006834732, Cheynee,Stiller
2005684804, Josh,Drummond
2008725018, James,Hawksley
2012871162, Stephen,Wrigley
2002665070, Amon,Buchanan
2006669101, Paul,Bower
2009672438, Andrew,Collins
2012688831, Frazer,Dale
2011795236, Rhys,OKeeffe
2012777801, Pat,McCarthy
2012772598, Luke,Mitchell
2011828076, Luke,Rounds
2012896089, Peter,Yagmoor
1998844351, Chris,Tarrant
2007661314, Simon,Buckley
2012851248, Kirk,Ugle
1999774620, Mark,McVeigh
2004684249, Ricky,Dyson
2007824625, Kyle,Reimers
2005837579, Henry,Slattery
2012765975, Brendan,Lee
2001778407, Adam,McPhee
2008657808, John,Anthony
20091181510, Jay,van Berlo
2011808926, Jayden,Pitt
1999715542, Antoni,Grover
2006735610, Sam,Iles
2011848552, Jeremy,Taylor
2000707821, Josh,Fraser
2011841022, Josh,Toy
2011675790, Michael,Coad
2005775398, Andrew,McQualter
2011774180, Alik,Magin
2012707516, Piers,Flanagan
1998837221, Matthew,Scarlett
1999874505, David,Wojcinski
1999671338, Chad,Cornes
2012709592, Israel,Folau
1997774920, James,McDonald
1998808544, Luke,Power
2012839503, Sam,Schulz
2012679529, Steve,Clifton
2012671110, Rhys,Cooyou
2000665614, Chance,Bateman
2012669835, Jarrad,Boumann
2011771867, Broc,McCauley
2000661056, Cameron,Bruce
2006663560, Clint,Bartram
2006668068, Matthew,Bate
2000714442, Brad,Green
2012844653, Josh,Tynan
2009744104, Liam,Jurrah
2012676642, Tom,Couch
2010718363, Jordan,Gysberts
2007676889, Matt,Campbell
2009878123, Ben,Warren
2009712142, Cruize,Garlett
2008779834, John,McCarthy
2004836210, Jacob,Surjan
2008806675, Darren,Pfeiffer
2004691834, Brett,Ebert
2006803498, Simon,Phillips
2008775055, Addam,Maric
2002771036, Brad,Miller
2009806624, Jayden,Post
2007671624, Daniel,Connors
2007711157, Angus,Graham
2004775140, Kelvin,Moore
2010879693, Jeromey,Webberley
2005809838, Brett,Peake
2006801047, Dean,Polo
2003714335, Jason,Gram
2004671285, Raphael,Clarke
2004837157, Mark,Seaby
2012789418, Ryan,Neates
2009834870, Tom,Swift
2010833841, Andrew,Strijk
2002728153, Ryan,Hargrave
2009684492, Nathan,Djerrkura
2005833394, Justin,Sherman
2011838967, Zephaniah,Skinner
2001717234, Lindsay,Gilbee
2010726025, Andrew,Hooper
